id,firstname,lastname,email,email2,profession
100,Nita,MacIntosh,Nita.MacIntosh@yopmail.com,Nita.MacIntosh@gmail.com,police officer
101,Jeanna,Guildroy,Jeanna.Guildroy@yopmail.com,Jeanna.Guildroy@gmail.com,worker
102,Rosene,Schonfeld,Rosene.Schonfeld@yopmail.com,Rosene.Schonfeld@gmail.com,firefighter
103,Nariko,Charmine,Nariko.Charmine@yopmail.com,Nariko.Charmine@gmail.com,developer
104,Elise,Taam,Elise.Taam@yopmail.com,Elise.Taam@gmail.com,developer
105,Jackie,Posner,Jackie.Posner@yopmail.com,Jackie.Posner@gmail.com,doctor
106,Tobe,Georas,Tobe.Georas@yopmail.com,Tobe.Georas@gmail.com,developer
107,Selia,Brackely,Selia.Brackely@yopmail.com,Selia.Brackely@gmail.com,developer
108,Alameda,Hartnett,Alameda.Hartnett@yopmail.com,Alameda.Hartnett@gmail.com,police officer
109,Veda,Yoko,Veda.Yoko@yopmail.com,Veda.Yoko@gmail.com,developer
110,Natka,Travax,Natka.Travax@yopmail.com,Natka.Travax@gmail.com,police officer
111,Jillayne,Kellby,Jillayne.Kellby@yopmail.com,Jillayne.Kellby@gmail.com,police officer
112,Joelly,Fleeta,Joelly.Fleeta@yopmail.com,Joelly.Fleeta@gmail.com,developer
113,Sharlene,Marisa,Sharlene.Marisa@yopmail.com,Sharlene.Marisa@gmail.com,firefighter
114,Anica,Hillel,Anica.Hillel@yopmail.com,Anica.Hillel@gmail.com,developer
115,Ardeen,Lucienne,Ardeen.Lucienne@yopmail.com,Ardeen.Lucienne@gmail.com,police officer
116,Lusa,Campball,Lusa.Campball@yopmail.com,Lusa.Campball@gmail.com,police officer
117,Sam,Mott,Sam.Mott@yopmail.com,Sam.Mott@gmail.com,firefighter
118,Carlie,Darbie,Carlie.Darbie@yopmail.com,Carlie.Darbie@gmail.com,doctor
119,Elora,Luhe,Elora.Luhe@yopmail.com,Elora.Luhe@gmail.com,firefighter
120,Stephanie,Adalbert,Stephanie.Adalbert@yopmail.com,Stephanie.Adalbert@gmail.com,worker
121,Monika,Donell,Monika.Donell@yopmail.com,Monika.Donell@gmail.com,developer
122,Liana,Fulmer,Liana.Fulmer@yopmail.com,Liana.Fulmer@gmail.com,police officer
123,Alyda,Taam,Alyda.Taam@yopmail.com,Alyda.Taam@gmail.com,doctor
124,Zsa Zsa,Jeanne,Zsa Zsa.Jeanne@yopmail.com,Zsa Zsa.Jeanne@gmail.com,doctor
125,Lory,Tiffa,Lory.Tiffa@yopmail.com,Lory.Tiffa@gmail.com,firefighter
126,Lorenza,Lymann,Lorenza.Lymann@yopmail.com,Lorenza.Lymann@gmail.com,firefighter
127,Corly,Dorothy,Corly.Dorothy@yopmail.com,Corly.Dorothy@gmail.com,developer
128,Tybie,Ader,Tybie.Ader@yopmail.com,Tybie.Ader@gmail.com,doctor
129,Briney,Diogenes,Briney.Diogenes@yopmail.com,Briney.Diogenes@gmail.com,doctor
130,Chere,Nea,Chere.Nea@yopmail.com,Chere.Nea@gmail.com,firefighter
131,Genovera,Gaspard,Genovera.Gaspard@yopmail.com,Genovera.Gaspard@gmail.com,firefighter
132,Jaclyn,Jagir,Jaclyn.Jagir@yopmail.com,Jaclyn.Jagir@gmail.com,firefighter
133,Dorothy,Cottle,Dorothy.Cottle@yopmail.com,Dorothy.Cottle@gmail.com,worker
134,Lacie,Susannah,Lacie.Susannah@yopmail.com,Lacie.Susannah@gmail.com,police officer
135,Sophia,Audly,Sophia.Audly@yopmail.com,Sophia.Audly@gmail.com,worker
136,Katharina,Trinetta,Katharina.Trinetta@yopmail.com,Katharina.Trinetta@gmail.com,developer
137,Keelia,MacIntosh,Keelia.MacIntosh@yopmail.com,Keelia.MacIntosh@gmail.com,police officer
138,Fredericka,Markman,Fredericka.Markman@yopmail.com,Fredericka.Markman@gmail.com,firefighter
139,Tami,Francene,Tami.Francene@yopmail.com,Tami.Francene@gmail.com,doctor
140,Lonnie,Rubie,Lonnie.Rubie@yopmail.com,Lonnie.Rubie@gmail.com,doctor
141,Ardeen,Schonfeld,Ardeen.Schonfeld@yopmail.com,Ardeen.Schonfeld@gmail.com,firefighter
142,Vevay,Juan,Vevay.Juan@yopmail.com,Vevay.Juan@gmail.com,worker
143,Kial,Cassius,Kial.Cassius@yopmail.com,Kial.Cassius@gmail.com,police officer
144,Iseabal,Cohdwell,Iseabal.Cohdwell@yopmail.com,Iseabal.Cohdwell@gmail.com,doctor
145,Cam,Santoro,Cam.Santoro@yopmail.com,Cam.Santoro@gmail.com,doctor
146,Valeda,Fancie,Valeda.Fancie@yopmail.com,Valeda.Fancie@gmail.com,worker
147,Wilma,My,Wilma.My@yopmail.com,Wilma.My@gmail.com,developer
148,Madalyn,Screens,Madalyn.Screens@yopmail.com,Madalyn.Screens@gmail.com,firefighter
149,Kirstin,Kinnard,Kirstin.Kinnard@yopmail.com,Kirstin.Kinnard@gmail.com,police officer
150,Vanessa,Corrine,Vanessa.Corrine@yopmail.com,Vanessa.Corrine@gmail.com,police officer
151,Teddie,Thomasina,Teddie.Thomasina@yopmail.com,Teddie.Thomasina@gmail.com,police officer
152,Nataline,Carolin,Nataline.Carolin@yopmail.com,Nataline.Carolin@gmail.com,worker
153,Dyann,Lanita,Dyann.Lanita@yopmail.com,Dyann.Lanita@gmail.com,doctor
154,Deane,Noam,Deane.Noam@yopmail.com,Deane.Noam@gmail.com,developer
155,Merry,Sasnett,Merry.Sasnett@yopmail.com,Merry.Sasnett@gmail.com,police officer
156,Belinda,Honoria,Belinda.Honoria@yopmail.com,Belinda.Honoria@gmail.com,doctor
157,Alia,Norvol,Alia.Norvol@yopmail.com,Alia.Norvol@gmail.com,doctor
158,Lynnea,Minetta,Lynnea.Minetta@yopmail.com,Lynnea.Minetta@gmail.com,developer
159,Ricky,Yerkovich,Ricky.Yerkovich@yopmail.com,Ricky.Yerkovich@gmail.com,police officer
160,Jorry,Cassius,Jorry.Cassius@yopmail.com,Jorry.Cassius@gmail.com,firefighter
161,Kayla,Justinn,Kayla.Justinn@yopmail.com,Kayla.Justinn@gmail.com,doctor
162,Shandie,Arquit,Shandie.Arquit@yopmail.com,Shandie.Arquit@gmail.com,worker
163,Demetris,Cutlerr,Demetris.Cutlerr@yopmail.com,Demetris.Cutlerr@gmail.com,developer
164,Dianemarie,Slifka,Dianemarie.Slifka@yopmail.com,Dianemarie.Slifka@gmail.com,developer
165,Frieda,Sandye,Frieda.Sandye@yopmail.com,Frieda.Sandye@gmail.com,firefighter
166,Meriel,Rubie,Meriel.Rubie@yopmail.com,Meriel.Rubie@gmail.com,police officer
167,Johna,Roscoe,Johna.Roscoe@yopmail.com,Johna.Roscoe@gmail.com,firefighter
168,Noelle,Lenny,Noelle.Lenny@yopmail.com,Noelle.Lenny@gmail.com,doctor
169,Daryl,Denis,Daryl.Denis@yopmail.com,Daryl.Denis@gmail.com,developer
170,Amii,Thunell,Amii.Thunell@yopmail.com,Amii.Thunell@gmail.com,firefighter
171,Margarette,Wu,Margarette.Wu@yopmail.com,Margarette.Wu@gmail.com,developer
172,Britte,Yusuk,Britte.Yusuk@yopmail.com,Britte.Yusuk@gmail.com,worker
173,Mathilda,Leary,Mathilda.Leary@yopmail.com,Mathilda.Leary@gmail.com,police officer
174,Calla,Rad,Calla.Rad@yopmail.com,Calla.Rad@gmail.com,worker
175,Viki,Ashely,Viki.Ashely@yopmail.com,Viki.Ashely@gmail.com,developer
176,Karly,Loleta,Karly.Loleta@yopmail.com,Karly.Loleta@gmail.com,police officer
177,Mara,Israeli,Mara.Israeli@yopmail.com,Mara.Israeli@gmail.com,police officer
178,Luci,Standing,Luci.Standing@yopmail.com,Luci.Standing@gmail.com,police officer
179,Malina,Shirberg,Malina.Shirberg@yopmail.com,Malina.Shirberg@gmail.com,worker
180,Gui,Charity,Gui.Charity@yopmail.com,Gui.Charity@gmail.com,doctor
181,Blinni,Lory,Blinni.Lory@yopmail.com,Blinni.Lory@gmail.com,worker
182,Harrietta,Kronfeld,Harrietta.Kronfeld@yopmail.com,Harrietta.Kronfeld@gmail.com,doctor
183,Gabi,Dosia,Gabi.Dosia@yopmail.com,Gabi.Dosia@gmail.com,worker
184,Estell,Bultman,Estell.Bultman@yopmail.com,Estell.Bultman@gmail.com,police officer
185,Orelia,Saunderson,Orelia.Saunderson@yopmail.com,Orelia.Saunderson@gmail.com,worker
186,Merrie,Anderea,Merrie.Anderea@yopmail.com,Merrie.Anderea@gmail.com,police officer
187,Courtnay,Monk,Courtnay.Monk@yopmail.com,Courtnay.Monk@gmail.com,police officer
188,Sibella,Juan,Sibella.Juan@yopmail.com,Sibella.Juan@gmail.com,police officer
189,Maryellen,Capello,Maryellen.Capello@yopmail.com,Maryellen.Capello@gmail.com,doctor
190,Therine,Pacorro,Therine.Pacorro@yopmail.com,Therine.Pacorro@gmail.com,developer
191,Pearline,Brodench,Pearline.Brodench@yopmail.com,Pearline.Brodench@gmail.com,developer
192,Camile,Wildermuth,Camile.Wildermuth@yopmail.com,Camile.Wildermuth@gmail.com,developer
193,Kore,Alcott,Kore.Alcott@yopmail.com,Kore.Alcott@gmail.com,worker
194,Clementine,Friede,Clementine.Friede@yopmail.com,Clementine.Friede@gmail.com,doctor
195,Catharine,Stilwell,Catharine.Stilwell@yopmail.com,Catharine.Stilwell@gmail.com,doctor
196,Carilyn,Santoro,Carilyn.Santoro@yopmail.com,Carilyn.Santoro@gmail.com,developer
197,Georgina,Kermit,Georgina.Kermit@yopmail.com,Georgina.Kermit@gmail.com,police officer
198,Jsandye,Marcellus,Jsandye.Marcellus@yopmail.com,Jsandye.Marcellus@gmail.com,worker
199,Ricky,Orelee,Ricky.Orelee@yopmail.com,Ricky.Orelee@gmail.com,firefighter
200,Aimil,Jorgan,Aimil.Jorgan@yopmail.com,Aimil.Jorgan@gmail.com,firefighter
201,Latisha,Ricarda,Latisha.Ricarda@yopmail.com,Latisha.Ricarda@gmail.com,worker
202,Brianna,Roscoe,Brianna.Roscoe@yopmail.com,Brianna.Roscoe@gmail.com,worker
203,Annecorinne,Hirsch,Annecorinne.Hirsch@yopmail.com,Annecorinne.Hirsch@gmail.com,developer
204,Carilyn,Johanna,Carilyn.Johanna@yopmail.com,Carilyn.Johanna@gmail.com,developer
205,Charmaine,Toor,Charmaine.Toor@yopmail.com,Charmaine.Toor@gmail.com,police officer
206,Riannon,Stoller,Riannon.Stoller@yopmail.com,Riannon.Stoller@gmail.com,firefighter
207,Sibella,Myrilla,Sibella.Myrilla@yopmail.com,Sibella.Myrilla@gmail.com,worker
208,Asia,Bord,Asia.Bord@yopmail.com,Asia.Bord@gmail.com,developer
209,Donetta,Land,Donetta.Land@yopmail.com,Donetta.Land@gmail.com,worker
210,Emylee,Mullane,Emylee.Mullane@yopmail.com,Emylee.Mullane@gmail.com,doctor
211,Lanae,Merat,Lanae.Merat@yopmail.com,Lanae.Merat@gmail.com,firefighter
212,Cordi,Lorenz,Cordi.Lorenz@yopmail.com,Cordi.Lorenz@gmail.com,doctor
213,Merrie,Saree,Merrie.Saree@yopmail.com,Merrie.Saree@gmail.com,developer
214,Ingrid,Camden,Ingrid.Camden@yopmail.com,Ingrid.Camden@gmail.com,doctor
215,Dyann,Natalia,Dyann.Natalia@yopmail.com,Dyann.Natalia@gmail.com,police officer
216,Maisey,Colp,Maisey.Colp@yopmail.com,Maisey.Colp@gmail.com,worker
217,Fred,Konyn,Fred.Konyn@yopmail.com,Fred.Konyn@gmail.com,police officer
218,Jaclyn,Zaslow,Jaclyn.Zaslow@yopmail.com,Jaclyn.Zaslow@gmail.com,developer
219,Shauna,Norvol,Shauna.Norvol@yopmail.com,Shauna.Norvol@gmail.com,doctor
220,Bobinette,Chapland,Bobinette.Chapland@yopmail.com,Bobinette.Chapland@gmail.com,developer
221,Jenilee,Leary,Jenilee.Leary@yopmail.com,Jenilee.Leary@gmail.com,firefighter
222,Ebonee,Audly,Ebonee.Audly@yopmail.com,Ebonee.Audly@gmail.com,worker
223,Deirdre,Zuzana,Deirdre.Zuzana@yopmail.com,Deirdre.Zuzana@gmail.com,worker
224,Maud,Grayce,Maud.Grayce@yopmail.com,Maud.Grayce@gmail.com,firefighter
225,Ira,Moseley,Ira.Moseley@yopmail.com,Ira.Moseley@gmail.com,worker
226,Violet,Larochelle,Violet.Larochelle@yopmail.com,Violet.Larochelle@gmail.com,doctor
227,Barbara,Barbey,Barbara.Barbey@yopmail.com,Barbara.Barbey@gmail.com,police officer
228,Julieta,Hunfredo,Julieta.Hunfredo@yopmail.com,Julieta.Hunfredo@gmail.com,worker
229,Maud,Alarise,Maud.Alarise@yopmail.com,Maud.Alarise@gmail.com,police officer
230,Cacilie,Nadia,Cacilie.Nadia@yopmail.com,Cacilie.Nadia@gmail.com,developer
231,Diena,Urania,Diena.Urania@yopmail.com,Diena.Urania@gmail.com,doctor
232,Jan,Shama,Jan.Shama@yopmail.com,Jan.Shama@gmail.com,developer
233,Ardeen,Cullin,Ardeen.Cullin@yopmail.com,Ardeen.Cullin@gmail.com,worker
234,Ardenia,Marcellus,Ardenia.Marcellus@yopmail.com,Ardenia.Marcellus@gmail.com,doctor
235,Raquela,Reidar,Raquela.Reidar@yopmail.com,Raquela.Reidar@gmail.com,firefighter
236,Moyna,Tengdin,Moyna.Tengdin@yopmail.com,Moyna.Tengdin@gmail.com,firefighter
237,Ebonee,Berard,Ebonee.Berard@yopmail.com,Ebonee.Berard@gmail.com,doctor
238,Noelle,Saunderson,Noelle.Saunderson@yopmail.com,Noelle.Saunderson@gmail.com,developer
239,Clo,Ammann,Clo.Ammann@yopmail.com,Clo.Ammann@gmail.com,developer
240,Rhoda,Hunfredo,Rhoda.Hunfredo@yopmail.com,Rhoda.Hunfredo@gmail.com,developer
241,Adele,Kevon,Adele.Kevon@yopmail.com,Adele.Kevon@gmail.com,firefighter
242,Ekaterina,Nerita,Ekaterina.Nerita@yopmail.com,Ekaterina.Nerita@gmail.com,developer
243,Marguerite,Sacken,Marguerite.Sacken@yopmail.com,Marguerite.Sacken@gmail.com,worker
244,Nessie,Chrystel,Nessie.Chrystel@yopmail.com,Nessie.Chrystel@gmail.com,police officer
245,Lila,Whittaker,Lila.Whittaker@yopmail.com,Lila.Whittaker@gmail.com,doctor
246,Belva,Goldina,Belva.Goldina@yopmail.com,Belva.Goldina@gmail.com,firefighter
247,Arlina,Klemperer,Arlina.Klemperer@yopmail.com,Arlina.Klemperer@gmail.com,doctor
248,Adriana,Modie,Adriana.Modie@yopmail.com,Adriana.Modie@gmail.com,doctor
249,Fina,Miru,Fina.Miru@yopmail.com,Fina.Miru@gmail.com,doctor
250,Elfreda,Grimbly,Elfreda.Grimbly@yopmail.com,Elfreda.Grimbly@gmail.com,police officer
251,Augustine,Ummersen,Augustine.Ummersen@yopmail.com,Augustine.Ummersen@gmail.com,police officer
252,Tami,Persse,Tami.Persse@yopmail.com,Tami.Persse@gmail.com,doctor
253,Tierney,Lattie,Tierney.Lattie@yopmail.com,Tierney.Lattie@gmail.com,worker
254,Paola,Camden,Paola.Camden@yopmail.com,Paola.Camden@gmail.com,doctor
255,Briney,Janith,Briney.Janith@yopmail.com,Briney.Janith@gmail.com,doctor
256,Janeczka,Brieta,Janeczka.Brieta@yopmail.com,Janeczka.Brieta@gmail.com,doctor
257,Monika,Danby,Monika.Danby@yopmail.com,Monika.Danby@gmail.com,developer
258,Mara,Yusuk,Mara.Yusuk@yopmail.com,Mara.Yusuk@gmail.com,firefighter
259,Rhea,Laurianne,Rhea.Laurianne@yopmail.com,Rhea.Laurianne@gmail.com,firefighter
260,Gianina,Alva,Gianina.Alva@yopmail.com,Gianina.Alva@gmail.com,developer
261,Sashenka,Jena,Sashenka.Jena@yopmail.com,Sashenka.Jena@gmail.com,worker
262,Phedra,Bronk,Phedra.Bronk@yopmail.com,Phedra.Bronk@gmail.com,firefighter
263,Tatiania,Yoko,Tatiania.Yoko@yopmail.com,Tatiania.Yoko@gmail.com,worker
264,Emilia,Flyn,Emilia.Flyn@yopmail.com,Emilia.Flyn@gmail.com,doctor
265,Cam,Nerita,Cam.Nerita@yopmail.com,Cam.Nerita@gmail.com,police officer
266,Corina,Beebe,Corina.Beebe@yopmail.com,Corina.Beebe@gmail.com,doctor
267,Lonnie,Vilma,Lonnie.Vilma@yopmail.com,Lonnie.Vilma@gmail.com,police officer
268,Anica,Federica,Anica.Federica@yopmail.com,Anica.Federica@gmail.com,doctor
269,Cherilyn,Juan,Cherilyn.Juan@yopmail.com,Cherilyn.Juan@gmail.com,developer
270,Caritta,Cynar,Caritta.Cynar@yopmail.com,Caritta.Cynar@gmail.com,worker
271,Elsie,Whiffen,Elsie.Whiffen@yopmail.com,Elsie.Whiffen@gmail.com,doctor
272,Ruthe,Kylander,Ruthe.Kylander@yopmail.com,Ruthe.Kylander@gmail.com,firefighter
273,Evita,Fulmer,Evita.Fulmer@yopmail.com,Evita.Fulmer@gmail.com,police officer
274,Lucille,Blase,Lucille.Blase@yopmail.com,Lucille.Blase@gmail.com,worker
275,Ulrike,Prober,Ulrike.Prober@yopmail.com,Ulrike.Prober@gmail.com,worker
276,Stevana,Hoenack,Stevana.Hoenack@yopmail.com,Stevana.Hoenack@gmail.com,worker
277,Harmonia,Anselmi,Harmonia.Anselmi@yopmail.com,Harmonia.Anselmi@gmail.com,worker
278,Tobe,Jalbert,Tobe.Jalbert@yopmail.com,Tobe.Jalbert@gmail.com,worker
279,Cyndie,Dalli,Cyndie.Dalli@yopmail.com,Cyndie.Dalli@gmail.com,worker
280,Basia,Goth,Basia.Goth@yopmail.com,Basia.Goth@gmail.com,doctor
281,Elfreda,Darbie,Elfreda.Darbie@yopmail.com,Elfreda.Darbie@gmail.com,doctor
282,Kimberley,Lauraine,Kimberley.Lauraine@yopmail.com,Kimberley.Lauraine@gmail.com,police officer
283,Blake,Hubert,Blake.Hubert@yopmail.com,Blake.Hubert@gmail.com,police officer
284,Fred,Naashom,Fred.Naashom@yopmail.com,Fred.Naashom@gmail.com,doctor
285,Brandise,Cottle,Brandise.Cottle@yopmail.com,Brandise.Cottle@gmail.com,police officer
286,Arlina,Bakerman,Arlina.Bakerman@yopmail.com,Arlina.Bakerman@gmail.com,police officer
287,Cyndie,Woodberry,Cyndie.Woodberry@yopmail.com,Cyndie.Woodberry@gmail.com,developer
288,Carlie,Weaks,Carlie.Weaks@yopmail.com,Carlie.Weaks@gmail.com,firefighter
289,Karolina,Bury,Karolina.Bury@yopmail.com,Karolina.Bury@gmail.com,worker
290,Gertrud,Oscar,Gertrud.Oscar@yopmail.com,Gertrud.Oscar@gmail.com,developer
291,Josephine,Masao,Josephine.Masao@yopmail.com,Josephine.Masao@gmail.com,police officer
292,Micheline,Brenn,Micheline.Brenn@yopmail.com,Micheline.Brenn@gmail.com,worker
293,Lucille,Malina,Lucille.Malina@yopmail.com,Lucille.Malina@gmail.com,firefighter
294,Selia,Capello,Selia.Capello@yopmail.com,Selia.Capello@gmail.com,worker
295,Dari,Masao,Dari.Masao@yopmail.com,Dari.Masao@gmail.com,worker
296,Lilith,Autrey,Lilith.Autrey@yopmail.com,Lilith.Autrey@gmail.com,firefighter
297,Joceline,Edee,Joceline.Edee@yopmail.com,Joceline.Edee@gmail.com,worker
298,Aaren,Gahl,Aaren.Gahl@yopmail.com,Aaren.Gahl@gmail.com,worker
299,Ricky,Anyah,Ricky.Anyah@yopmail.com,Ricky.Anyah@gmail.com,firefighter
300,Heddie,Elephus,Heddie.Elephus@yopmail.com,Heddie.Elephus@gmail.com,worker
301,Christy,Dermott,Christy.Dermott@yopmail.com,Christy.Dermott@gmail.com,worker
302,Winifred,Ludewig,Winifred.Ludewig@yopmail.com,Winifred.Ludewig@gmail.com,developer
303,Roslyn,Allare,Roslyn.Allare@yopmail.com,Roslyn.Allare@gmail.com,firefighter
304,Nonnah,Medrek,Nonnah.Medrek@yopmail.com,Nonnah.Medrek@gmail.com,doctor
305,Augustine,Florina,Augustine.Florina@yopmail.com,Augustine.Florina@gmail.com,firefighter
306,Gerianna,Erminia,Gerianna.Erminia@yopmail.com,Gerianna.Erminia@gmail.com,firefighter
307,Ethel,Thema,Ethel.Thema@yopmail.com,Ethel.Thema@gmail.com,developer
308,Andeee,Han,Andeee.Han@yopmail.com,Andeee.Han@gmail.com,worker
309,Concettina,Vittoria,Concettina.Vittoria@yopmail.com,Concettina.Vittoria@gmail.com,doctor
310,Vivia,Dielu,Vivia.Dielu@yopmail.com,Vivia.Dielu@gmail.com,developer
311,Dacia,Bord,Dacia.Bord@yopmail.com,Dacia.Bord@gmail.com,worker
312,Heddie,Dituri,Heddie.Dituri@yopmail.com,Heddie.Dituri@gmail.com,doctor
313,Patricia,Robertson,Patricia.Robertson@yopmail.com,Patricia.Robertson@gmail.com,developer
314,Ginnie,Pandolfi,Ginnie.Pandolfi@yopmail.com,Ginnie.Pandolfi@gmail.com,doctor
315,Tonia,Chaing,Tonia.Chaing@yopmail.com,Tonia.Chaing@gmail.com,firefighter
316,Dacia,Felizio,Dacia.Felizio@yopmail.com,Dacia.Felizio@gmail.com,firefighter
317,Sallie,Decato,Sallie.Decato@yopmail.com,Sallie.Decato@gmail.com,worker
318,Inga,Carri,Inga.Carri@yopmail.com,Inga.Carri@gmail.com,developer
319,Kalina,Syd,Kalina.Syd@yopmail.com,Kalina.Syd@gmail.com,firefighter
320,Modestia,Shaddock,Modestia.Shaddock@yopmail.com,Modestia.Shaddock@gmail.com,firefighter
321,Josephine,Freddi,Josephine.Freddi@yopmail.com,Josephine.Freddi@gmail.com,developer
322,Maud,Tybald,Maud.Tybald@yopmail.com,Maud.Tybald@gmail.com,firefighter
323,Joelly,Riva,Joelly.Riva@yopmail.com,Joelly.Riva@gmail.com,firefighter
324,Darlleen,Johnsson,Darlleen.Johnsson@yopmail.com,Darlleen.Johnsson@gmail.com,firefighter
325,Maisey,Crudden,Maisey.Crudden@yopmail.com,Maisey.Crudden@gmail.com,worker
326,Fanny,Jess,Fanny.Jess@yopmail.com,Fanny.Jess@gmail.com,worker
327,Rosaline,Tomasina,Rosaline.Tomasina@yopmail.com,Rosaline.Tomasina@gmail.com,firefighter
328,Corly,Couture,Corly.Couture@yopmail.com,Corly.Couture@gmail.com,police officer
329,Sallie,Rogerio,Sallie.Rogerio@yopmail.com,Sallie.Rogerio@gmail.com,developer
330,Mallory,Cleavland,Mallory.Cleavland@yopmail.com,Mallory.Cleavland@gmail.com,doctor
331,Latisha,Rocray,Latisha.Rocray@yopmail.com,Latisha.Rocray@gmail.com,police officer
332,Yvonne,Isidore,Yvonne.Isidore@yopmail.com,Yvonne.Isidore@gmail.com,developer
333,Therine,Othilia,Therine.Othilia@yopmail.com,Therine.Othilia@gmail.com,doctor
334,Jsandye,McClimans,Jsandye.McClimans@yopmail.com,Jsandye.McClimans@gmail.com,developer
335,Helsa,Alfons,Helsa.Alfons@yopmail.com,Helsa.Alfons@gmail.com,police officer
336,Susette,Dowski,Susette.Dowski@yopmail.com,Susette.Dowski@gmail.com,worker
337,Carilyn,Gamaliel,Carilyn.Gamaliel@yopmail.com,Carilyn.Gamaliel@gmail.com,doctor
338,Chickie,Lucienne,Chickie.Lucienne@yopmail.com,Chickie.Lucienne@gmail.com,developer
339,Roxane,Nikaniki,Roxane.Nikaniki@yopmail.com,Roxane.Nikaniki@gmail.com,doctor
340,Hollie,Israeli,Hollie.Israeli@yopmail.com,Hollie.Israeli@gmail.com,developer
341,Liana,Izaak,Liana.Izaak@yopmail.com,Liana.Izaak@gmail.com,developer
342,Corry,Ardra,Corry.Ardra@yopmail.com,Corry.Ardra@gmail.com,doctor
343,Rivalee,Nester,Rivalee.Nester@yopmail.com,Rivalee.Nester@gmail.com,worker
344,Maurene,Fiann,Maurene.Fiann@yopmail.com,Maurene.Fiann@gmail.com,doctor
345,Linet,Kiersten,Linet.Kiersten@yopmail.com,Linet.Kiersten@gmail.com,firefighter
346,Rhoda,Berl,Rhoda.Berl@yopmail.com,Rhoda.Berl@gmail.com,firefighter
347,Fidelia,Nore,Fidelia.Nore@yopmail.com,Fidelia.Nore@gmail.com,firefighter
348,Paule,Blisse,Paule.Blisse@yopmail.com,Paule.Blisse@gmail.com,developer
349,Deloria,Ingra,Deloria.Ingra@yopmail.com,Deloria.Ingra@gmail.com,police officer
350,Pollyanna,Daveta,Pollyanna.Daveta@yopmail.com,Pollyanna.Daveta@gmail.com,worker
351,Alex,Ephrem,Alex.Ephrem@yopmail.com,Alex.Ephrem@gmail.com,worker
352,Stevana,Hamil,Stevana.Hamil@yopmail.com,Stevana.Hamil@gmail.com,police officer
353,Donetta,Chobot,Donetta.Chobot@yopmail.com,Donetta.Chobot@gmail.com,firefighter
354,Priscilla,Remmer,Priscilla.Remmer@yopmail.com,Priscilla.Remmer@gmail.com,developer
355,Rori,Colyer,Rori.Colyer@yopmail.com,Rori.Colyer@gmail.com,worker
356,Goldie,Narton,Goldie.Narton@yopmail.com,Goldie.Narton@gmail.com,firefighter
357,Christian,Randene,Christian.Randene@yopmail.com,Christian.Randene@gmail.com,doctor
358,Alameda,Beebe,Alameda.Beebe@yopmail.com,Alameda.Beebe@gmail.com,worker
359,Etta,Sabella,Etta.Sabella@yopmail.com,Etta.Sabella@gmail.com,developer
360,Perry,Garbe,Perry.Garbe@yopmail.com,Perry.Garbe@gmail.com,doctor
361,Beverley,Weitman,Beverley.Weitman@yopmail.com,Beverley.Weitman@gmail.com,firefighter
362,Letizia,Atcliffe,Letizia.Atcliffe@yopmail.com,Letizia.Atcliffe@gmail.com,firefighter
363,Alyda,Dash,Alyda.Dash@yopmail.com,Alyda.Dash@gmail.com,doctor
364,Jenilee,Cutlerr,Jenilee.Cutlerr@yopmail.com,Jenilee.Cutlerr@gmail.com,worker
365,Jaclyn,Bivins,Jaclyn.Bivins@yopmail.com,Jaclyn.Bivins@gmail.com,firefighter
366,Fanny,Eugenia,Fanny.Eugenia@yopmail.com,Fanny.Eugenia@gmail.com,doctor
367,Micheline,Cimbura,Micheline.Cimbura@yopmail.com,Micheline.Cimbura@gmail.com,doctor
368,Benita,Bohlin,Benita.Bohlin@yopmail.com,Benita.Bohlin@gmail.com,doctor
369,Norine,Lail,Norine.Lail@yopmail.com,Norine.Lail@gmail.com,developer
370,Cassandra,Rocray,Cassandra.Rocray@yopmail.com,Cassandra.Rocray@gmail.com,police officer
371,Brana,Himelman,Brana.Himelman@yopmail.com,Brana.Himelman@gmail.com,worker
372,Julieta,Merell,Julieta.Merell@yopmail.com,Julieta.Merell@gmail.com,police officer
373,Ericka,Voletta,Ericka.Voletta@yopmail.com,Ericka.Voletta@gmail.com,worker
374,Tobe,Florina,Tobe.Florina@yopmail.com,Tobe.Florina@gmail.com,developer
375,Arlina,Cottle,Arlina.Cottle@yopmail.com,Arlina.Cottle@gmail.com,police officer
376,Regina,Peti,Regina.Peti@yopmail.com,Regina.Peti@gmail.com,police officer
377,Caressa,Garbe,Caressa.Garbe@yopmail.com,Caressa.Garbe@gmail.com,firefighter
378,Wanda,Noam,Wanda.Noam@yopmail.com,Wanda.Noam@gmail.com,firefighter
379,Corry,Lea,Corry.Lea@yopmail.com,Corry.Lea@gmail.com,police officer
380,Violet,Nelsen,Violet.Nelsen@yopmail.com,Violet.Nelsen@gmail.com,police officer
381,Dari,Malina,Dari.Malina@yopmail.com,Dari.Malina@gmail.com,developer
382,Xylina,Catie,Xylina.Catie@yopmail.com,Xylina.Catie@gmail.com,doctor
383,Tiffie,Arne,Tiffie.Arne@yopmail.com,Tiffie.Arne@gmail.com,police officer
384,Madelle,Alarise,Madelle.Alarise@yopmail.com,Madelle.Alarise@gmail.com,developer
385,Pamella,Sparhawk,Pamella.Sparhawk@yopmail.com,Pamella.Sparhawk@gmail.com,firefighter
386,Winifred,Allys,Winifred.Allys@yopmail.com,Winifred.Allys@gmail.com,firefighter
387,Misha,Cordi,Misha.Cordi@yopmail.com,Misha.Cordi@gmail.com,police officer
388,Ardys,Moina,Ardys.Moina@yopmail.com,Ardys.Moina@gmail.com,worker
389,Arlena,Skell,Arlena.Skell@yopmail.com,Arlena.Skell@gmail.com,worker
390,Sean,Valoniah,Sean.Valoniah@yopmail.com,Sean.Valoniah@gmail.com,doctor
391,Krystle,Toor,Krystle.Toor@yopmail.com,Krystle.Toor@gmail.com,firefighter
392,Beverley,Franza,Beverley.Franza@yopmail.com,Beverley.Franza@gmail.com,police officer
393,Cristabel,Kristi,Cristabel.Kristi@yopmail.com,Cristabel.Kristi@gmail.com,firefighter
394,Esmeralda,Loring,Esmeralda.Loring@yopmail.com,Esmeralda.Loring@gmail.com,firefighter
395,Rosanne,Hurley,Rosanne.Hurley@yopmail.com,Rosanne.Hurley@gmail.com,doctor
396,Elsie,Love,Elsie.Love@yopmail.com,Elsie.Love@gmail.com,developer
397,Kathi,Gordon,Kathi.Gordon@yopmail.com,Kathi.Gordon@gmail.com,firefighter
398,Roberta,Shuler,Roberta.Shuler@yopmail.com,Roberta.Shuler@gmail.com,police officer
399,Audrie,Stover,Audrie.Stover@yopmail.com,Audrie.Stover@gmail.com,doctor
400,Shel,Lanita,Shel.Lanita@yopmail.com,Shel.Lanita@gmail.com,worker
401,Anestassia,Behre,Anestassia.Behre@yopmail.com,Anestassia.Behre@gmail.com,firefighter
402,Andree,Leonard,Andree.Leonard@yopmail.com,Andree.Leonard@gmail.com,worker
403,Emelina,Slifka,Emelina.Slifka@yopmail.com,Emelina.Slifka@gmail.com,worker
404,Layla,Marsden,Layla.Marsden@yopmail.com,Layla.Marsden@gmail.com,police officer
405,Dennie,Lorain,Dennie.Lorain@yopmail.com,Dennie.Lorain@gmail.com,doctor
406,Layla,Rona,Layla.Rona@yopmail.com,Layla.Rona@gmail.com,doctor
407,Cassondra,Orelee,Cassondra.Orelee@yopmail.com,Cassondra.Orelee@gmail.com,firefighter
408,Maye,Barrus,Maye.Barrus@yopmail.com,Maye.Barrus@gmail.com,doctor
409,Lila,Pyle,Lila.Pyle@yopmail.com,Lila.Pyle@gmail.com,doctor
410,Coral,Rustice,Coral.Rustice@yopmail.com,Coral.Rustice@gmail.com,doctor
411,Oona,Berriman,Oona.Berriman@yopmail.com,Oona.Berriman@gmail.com,developer
412,Jorry,Bryna,Jorry.Bryna@yopmail.com,Jorry.Bryna@gmail.com,worker
413,Keelia,Dimitris,Keelia.Dimitris@yopmail.com,Keelia.Dimitris@gmail.com,firefighter
414,Annice,Bari,Annice.Bari@yopmail.com,Annice.Bari@gmail.com,police officer
415,Binny,Lubin,Binny.Lubin@yopmail.com,Binny.Lubin@gmail.com,police officer
416,Oralee,Margarete,Oralee.Margarete@yopmail.com,Oralee.Margarete@gmail.com,worker
417,Tina,Wolfgram,Tina.Wolfgram@yopmail.com,Tina.Wolfgram@gmail.com,police officer
418,Dolli,Reneta,Dolli.Reneta@yopmail.com,Dolli.Reneta@gmail.com,police officer
419,Alie,Terrence,Alie.Terrence@yopmail.com,Alie.Terrence@gmail.com,worker
420,Violet,Leler,Violet.Leler@yopmail.com,Violet.Leler@gmail.com,worker
421,Vevay,Stover,Vevay.Stover@yopmail.com,Vevay.Stover@gmail.com,doctor
422,Hallie,Berne,Hallie.Berne@yopmail.com,Hallie.Berne@gmail.com,developer
423,Jinny,Baylor,Jinny.Baylor@yopmail.com,Jinny.Baylor@gmail.com,worker
424,Catrina,Pip,Catrina.Pip@yopmail.com,Catrina.Pip@gmail.com,doctor
425,Leontine,Noman,Leontine.Noman@yopmail.com,Leontine.Noman@gmail.com,developer
426,Helena,Allina,Helena.Allina@yopmail.com,Helena.Allina@gmail.com,doctor
427,Quintina,Jess,Quintina.Jess@yopmail.com,Quintina.Jess@gmail.com,police officer
428,Ileana,Hubert,Ileana.Hubert@yopmail.com,Ileana.Hubert@gmail.com,firefighter
429,Ardys,Maxi,Ardys.Maxi@yopmail.com,Ardys.Maxi@gmail.com,developer
430,Dawn,Bartlett,Dawn.Bartlett@yopmail.com,Dawn.Bartlett@gmail.com,firefighter
431,Melanie,Pernick,Melanie.Pernick@yopmail.com,Melanie.Pernick@gmail.com,doctor
432,Tomasina,Vivle,Tomasina.Vivle@yopmail.com,Tomasina.Vivle@gmail.com,firefighter
433,Phylis,Gilmour,Phylis.Gilmour@yopmail.com,Phylis.Gilmour@gmail.com,worker
434,Kathi,Leffen,Kathi.Leffen@yopmail.com,Kathi.Leffen@gmail.com,worker
435,Tobe,Oster,Tobe.Oster@yopmail.com,Tobe.Oster@gmail.com,doctor
436,Carly,Greenwald,Carly.Greenwald@yopmail.com,Carly.Greenwald@gmail.com,police officer
437,Dorthy,Sophronia,Dorthy.Sophronia@yopmail.com,Dorthy.Sophronia@gmail.com,developer
438,Donnie,Alarise,Donnie.Alarise@yopmail.com,Donnie.Alarise@gmail.com,developer
439,Eve,Tillford,Eve.Tillford@yopmail.com,Eve.Tillford@gmail.com,doctor
440,Flo,Susannah,Flo.Susannah@yopmail.com,Flo.Susannah@gmail.com,firefighter
441,Jere,Carey,Jere.Carey@yopmail.com,Jere.Carey@gmail.com,worker
442,Stevana,Casimir,Stevana.Casimir@yopmail.com,Stevana.Casimir@gmail.com,firefighter
443,Ayn,Ivens,Ayn.Ivens@yopmail.com,Ayn.Ivens@gmail.com,worker
444,Roz,Palocz,Roz.Palocz@yopmail.com,Roz.Palocz@gmail.com,worker
445,Georgina,Gower,Georgina.Gower@yopmail.com,Georgina.Gower@gmail.com,developer
446,Kate,Love,Kate.Love@yopmail.com,Kate.Love@gmail.com,developer
447,Jeanna,Nickola,Jeanna.Nickola@yopmail.com,Jeanna.Nickola@gmail.com,doctor
448,Agathe,Bevin,Agathe.Bevin@yopmail.com,Agathe.Bevin@gmail.com,police officer
449,Adriana,Isacco,Adriana.Isacco@yopmail.com,Adriana.Isacco@gmail.com,firefighter
450,Elmira,Schonfeld,Elmira.Schonfeld@yopmail.com,Elmira.Schonfeld@gmail.com,developer
451,Eve,Atcliffe,Eve.Atcliffe@yopmail.com,Eve.Atcliffe@gmail.com,doctor
452,Leeanne,Thema,Leeanne.Thema@yopmail.com,Leeanne.Thema@gmail.com,developer
453,Kaia,Sandye,Kaia.Sandye@yopmail.com,Kaia.Sandye@gmail.com,firefighter
454,Roz,Santoro,Roz.Santoro@yopmail.com,Roz.Santoro@gmail.com,doctor
455,Rosanne,Atonsah,Rosanne.Atonsah@yopmail.com,Rosanne.Atonsah@gmail.com,developer
456,Marika,Bollay,Marika.Bollay@yopmail.com,Marika.Bollay@gmail.com,firefighter
457,Cristabel,Smitt,Cristabel.Smitt@yopmail.com,Cristabel.Smitt@gmail.com,developer
458,Mary,Kelula,Mary.Kelula@yopmail.com,Mary.Kelula@gmail.com,worker
459,Aurore,Cynar,Aurore.Cynar@yopmail.com,Aurore.Cynar@gmail.com,doctor
460,Randa,Goode,Randa.Goode@yopmail.com,Randa.Goode@gmail.com,worker
461,Helena,Kravits,Helena.Kravits@yopmail.com,Helena.Kravits@gmail.com,doctor
462,Tamqrah,Aurelio,Tamqrah.Aurelio@yopmail.com,Tamqrah.Aurelio@gmail.com,doctor
463,Millie,Solitta,Millie.Solitta@yopmail.com,Millie.Solitta@gmail.com,doctor
464,Kimberley,Douglass,Kimberley.Douglass@yopmail.com,Kimberley.Douglass@gmail.com,worker
465,Kaia,Parsaye,Kaia.Parsaye@yopmail.com,Kaia.Parsaye@gmail.com,developer
466,Jasmina,Bearnard,Jasmina.Bearnard@yopmail.com,Jasmina.Bearnard@gmail.com,police officer
467,Carlie,Jotham,Carlie.Jotham@yopmail.com,Carlie.Jotham@gmail.com,police officer
468,Dorothy,Delila,Dorothy.Delila@yopmail.com,Dorothy.Delila@gmail.com,firefighter
469,Zia,Malvino,Zia.Malvino@yopmail.com,Zia.Malvino@gmail.com,developer
470,Kirstin,Solitta,Kirstin.Solitta@yopmail.com,Kirstin.Solitta@gmail.com,developer
471,Heddie,Ax,Heddie.Ax@yopmail.com,Heddie.Ax@gmail.com,doctor
472,Rosanne,Buttaro,Rosanne.Buttaro@yopmail.com,Rosanne.Buttaro@gmail.com,firefighter
473,Anthia,Raychel,Anthia.Raychel@yopmail.com,Anthia.Raychel@gmail.com,police officer
474,Bernardine,Lemuela,Bernardine.Lemuela@yopmail.com,Bernardine.Lemuela@gmail.com,firefighter
475,Claudina,Pip,Claudina.Pip@yopmail.com,Claudina.Pip@gmail.com,police officer
476,Winny,Levey,Winny.Levey@yopmail.com,Winny.Levey@gmail.com,firefighter
477,Quintina,Elbertina,Quintina.Elbertina@yopmail.com,Quintina.Elbertina@gmail.com,worker
478,Courtnay,Ajay,Courtnay.Ajay@yopmail.com,Courtnay.Ajay@gmail.com,developer
479,Madalyn,Joli,Madalyn.Joli@yopmail.com,Madalyn.Joli@gmail.com,firefighter
480,Tani,Orelee,Tani.Orelee@yopmail.com,Tani.Orelee@gmail.com,firefighter
481,Rozele,Tiffa,Rozele.Tiffa@yopmail.com,Rozele.Tiffa@gmail.com,firefighter
482,Ardys,Tillford,Ardys.Tillford@yopmail.com,Ardys.Tillford@gmail.com,developer
483,Berta,Franza,Berta.Franza@yopmail.com,Berta.Franza@gmail.com,police officer
484,Winifred,Chick,Winifred.Chick@yopmail.com,Winifred.Chick@gmail.com,doctor
485,Nelle,Swigart,Nelle.Swigart@yopmail.com,Nelle.Swigart@gmail.com,police officer
486,Dolli,Georgy,Dolli.Georgy@yopmail.com,Dolli.Georgy@gmail.com,police officer
487,Suzette,Bakerman,Suzette.Bakerman@yopmail.com,Suzette.Bakerman@gmail.com,worker
488,Jere,Charity,Jere.Charity@yopmail.com,Jere.Charity@gmail.com,firefighter
489,Morganica,Blake,Morganica.Blake@yopmail.com,Morganica.Blake@gmail.com,firefighter
490,Kassey,Daveta,Kassey.Daveta@yopmail.com,Kassey.Daveta@gmail.com,firefighter
491,Demetris,Bach,Demetris.Bach@yopmail.com,Demetris.Bach@gmail.com,doctor
492,Nananne,Gaulin,Nananne.Gaulin@yopmail.com,Nananne.Gaulin@gmail.com,developer
493,Carly,Myrilla,Carly.Myrilla@yopmail.com,Carly.Myrilla@gmail.com,police officer
494,Barbi,Sothena,Barbi.Sothena@yopmail.com,Barbi.Sothena@gmail.com,police officer
495,Peri,Ferino,Peri.Ferino@yopmail.com,Peri.Ferino@gmail.com,firefighter
496,Celisse,Chapland,Celisse.Chapland@yopmail.com,Celisse.Chapland@gmail.com,doctor
497,Vita,Darian,Vita.Darian@yopmail.com,Vita.Darian@gmail.com,police officer
498,Lory,Flyn,Lory.Flyn@yopmail.com,Lory.Flyn@gmail.com,doctor
499,Philis,Mallon,Philis.Mallon@yopmail.com,Philis.Mallon@gmail.com,police officer
500,Daphne,Braun,Daphne.Braun@yopmail.com,Daphne.Braun@gmail.com,firefighter
501,Dede,Lauraine,Dede.Lauraine@yopmail.com,Dede.Lauraine@gmail.com,worker
502,Riannon,Vernier,Riannon.Vernier@yopmail.com,Riannon.Vernier@gmail.com,police officer
503,Tami,Colleen,Tami.Colleen@yopmail.com,Tami.Colleen@gmail.com,doctor
504,Dacia,Amand,Dacia.Amand@yopmail.com,Dacia.Amand@gmail.com,firefighter
505,Adele,Wilona,Adele.Wilona@yopmail.com,Adele.Wilona@gmail.com,doctor
506,Layla,Alexandr,Layla.Alexandr@yopmail.com,Layla.Alexandr@gmail.com,developer
507,Joy,Hedve,Joy.Hedve@yopmail.com,Joy.Hedve@gmail.com,police officer
508,Andree,Chauncey,Andree.Chauncey@yopmail.com,Andree.Chauncey@gmail.com,police officer
509,Hope,Tarrant,Hope.Tarrant@yopmail.com,Hope.Tarrant@gmail.com,developer
510,Veda,Meli,Veda.Meli@yopmail.com,Veda.Meli@gmail.com,developer
511,Wanda,Donoghue,Wanda.Donoghue@yopmail.com,Wanda.Donoghue@gmail.com,firefighter
512,Modestia,Drus,Modestia.Drus@yopmail.com,Modestia.Drus@gmail.com,police officer
513,Philis,Therine,Philis.Therine@yopmail.com,Philis.Therine@gmail.com,firefighter
514,Zaria,Francene,Zaria.Francene@yopmail.com,Zaria.Francene@gmail.com,firefighter
515,Sheelagh,Trey,Sheelagh.Trey@yopmail.com,Sheelagh.Trey@gmail.com,firefighter
516,Tera,Bonucci,Tera.Bonucci@yopmail.com,Tera.Bonucci@gmail.com,worker
517,Pollyanna,Norvol,Pollyanna.Norvol@yopmail.com,Pollyanna.Norvol@gmail.com,firefighter
518,Selia,Claudine,Selia.Claudine@yopmail.com,Selia.Claudine@gmail.com,doctor
519,Lynde,Briney,Lynde.Briney@yopmail.com,Lynde.Briney@gmail.com,worker
520,Nicoli,Loleta,Nicoli.Loleta@yopmail.com,Nicoli.Loleta@gmail.com,worker
521,Yvonne,Schlosser,Yvonne.Schlosser@yopmail.com,Yvonne.Schlosser@gmail.com,doctor
522,Constance,Leopold,Constance.Leopold@yopmail.com,Constance.Leopold@gmail.com,doctor
523,Sindee,Infield,Sindee.Infield@yopmail.com,Sindee.Infield@gmail.com,doctor
524,Kerrin,Darbie,Kerrin.Darbie@yopmail.com,Kerrin.Darbie@gmail.com,developer
525,Ninnetta,Monaco,Ninnetta.Monaco@yopmail.com,Ninnetta.Monaco@gmail.com,worker
526,Veda,Caitlin,Veda.Caitlin@yopmail.com,Veda.Caitlin@gmail.com,firefighter
527,Clo,Heisel,Clo.Heisel@yopmail.com,Clo.Heisel@gmail.com,doctor
528,Binny,Vastah,Binny.Vastah@yopmail.com,Binny.Vastah@gmail.com,police officer
529,Stacey,Zenas,Stacey.Zenas@yopmail.com,Stacey.Zenas@gmail.com,developer
530,Sherrie,Regan,Sherrie.Regan@yopmail.com,Sherrie.Regan@gmail.com,worker
531,Brynna,Lilas,Brynna.Lilas@yopmail.com,Brynna.Lilas@gmail.com,firefighter
532,Agnese,Orpah,Agnese.Orpah@yopmail.com,Agnese.Orpah@gmail.com,doctor
533,Kore,Shama,Kore.Shama@yopmail.com,Kore.Shama@gmail.com,firefighter
534,Georgina,Hedve,Georgina.Hedve@yopmail.com,Georgina.Hedve@gmail.com,doctor
535,Correy,Pierette,Correy.Pierette@yopmail.com,Correy.Pierette@gmail.com,worker
536,Cyndie,Killigrew,Cyndie.Killigrew@yopmail.com,Cyndie.Killigrew@gmail.com,worker
537,Nadine,Quent,Nadine.Quent@yopmail.com,Nadine.Quent@gmail.com,police officer
538,Kerrin,Stanwood,Kerrin.Stanwood@yopmail.com,Kerrin.Stanwood@gmail.com,worker
539,Max,Manolo,Max.Manolo@yopmail.com,Max.Manolo@gmail.com,firefighter
540,Sidoney,Dorothy,Sidoney.Dorothy@yopmail.com,Sidoney.Dorothy@gmail.com,police officer
541,Janenna,Taima,Janenna.Taima@yopmail.com,Janenna.Taima@gmail.com,worker
542,Nariko,Martguerita,Nariko.Martguerita@yopmail.com,Nariko.Martguerita@gmail.com,firefighter
543,Marcy,Sharl,Marcy.Sharl@yopmail.com,Marcy.Sharl@gmail.com,developer
544,Laurene,Jarib,Laurene.Jarib@yopmail.com,Laurene.Jarib@gmail.com,developer
545,Amara,Dermott,Amara.Dermott@yopmail.com,Amara.Dermott@gmail.com,police officer
546,Marjie,Durware,Marjie.Durware@yopmail.com,Marjie.Durware@gmail.com,police officer
547,Gisela,Kauppi,Gisela.Kauppi@yopmail.com,Gisela.Kauppi@gmail.com,firefighter
548,Lily,Holtz,Lily.Holtz@yopmail.com,Lily.Holtz@gmail.com,doctor
549,Jsandye,Malanie,Jsandye.Malanie@yopmail.com,Jsandye.Malanie@gmail.com,doctor
550,Sindee,Thunell,Sindee.Thunell@yopmail.com,Sindee.Thunell@gmail.com,developer
551,Ronna,Geffner,Ronna.Geffner@yopmail.com,Ronna.Geffner@gmail.com,developer
552,Malina,Philoo,Malina.Philoo@yopmail.com,Malina.Philoo@gmail.com,developer
553,Noelle,Couture,Noelle.Couture@yopmail.com,Noelle.Couture@gmail.com,doctor
554,Carlie,Madelene,Carlie.Madelene@yopmail.com,Carlie.Madelene@gmail.com,doctor
555,Leeanne,Wandie,Leeanne.Wandie@yopmail.com,Leeanne.Wandie@gmail.com,doctor
556,Mamie,Janith,Mamie.Janith@yopmail.com,Mamie.Janith@gmail.com,police officer
557,Gabriellia,Gino,Gabriellia.Gino@yopmail.com,Gabriellia.Gino@gmail.com,developer
558,Dawn,Danby,Dawn.Danby@yopmail.com,Dawn.Danby@gmail.com,police officer
559,Kimberley,Seligman,Kimberley.Seligman@yopmail.com,Kimberley.Seligman@gmail.com,police officer
560,Verla,Hamil,Verla.Hamil@yopmail.com,Verla.Hamil@gmail.com,police officer
561,Cristine,Seagraves,Cristine.Seagraves@yopmail.com,Cristine.Seagraves@gmail.com,doctor
562,Kenna,Pandolfi,Kenna.Pandolfi@yopmail.com,Kenna.Pandolfi@gmail.com,doctor
563,Cassandra,Garbe,Cassandra.Garbe@yopmail.com,Cassandra.Garbe@gmail.com,doctor
564,Cam,Reidar,Cam.Reidar@yopmail.com,Cam.Reidar@gmail.com,worker
565,Rhoda,Gillan,Rhoda.Gillan@yopmail.com,Rhoda.Gillan@gmail.com,worker
566,Gwenneth,Riva,Gwenneth.Riva@yopmail.com,Gwenneth.Riva@gmail.com,doctor
567,Melanie,Shirberg,Melanie.Shirberg@yopmail.com,Melanie.Shirberg@gmail.com,firefighter
568,Veda,Soneson,Veda.Soneson@yopmail.com,Veda.Soneson@gmail.com,doctor
569,Chloris,Krystle,Chloris.Krystle@yopmail.com,Chloris.Krystle@gmail.com,worker
570,Marsiella,Kesley,Marsiella.Kesley@yopmail.com,Marsiella.Kesley@gmail.com,firefighter
571,Dawn,Christal,Dawn.Christal@yopmail.com,Dawn.Christal@gmail.com,doctor
572,Kary,Arathorn,Kary.Arathorn@yopmail.com,Kary.Arathorn@gmail.com,developer
573,Agnese,Abbot,Agnese.Abbot@yopmail.com,Agnese.Abbot@gmail.com,developer
574,Marylou,Letsou,Marylou.Letsou@yopmail.com,Marylou.Letsou@gmail.com,firefighter
575,Louella,Faro,Louella.Faro@yopmail.com,Louella.Faro@gmail.com,worker
576,Odessa,Malanie,Odessa.Malanie@yopmail.com,Odessa.Malanie@gmail.com,doctor
577,Jessy,Korey,Jessy.Korey@yopmail.com,Jessy.Korey@gmail.com,police officer
578,Rosene,Annabella,Rosene.Annabella@yopmail.com,Rosene.Annabella@gmail.com,firefighter
579,Lelah,Terrence,Lelah.Terrence@yopmail.com,Lelah.Terrence@gmail.com,firefighter
580,Louella,Vorster,Louella.Vorster@yopmail.com,Louella.Vorster@gmail.com,firefighter
581,Joceline,Elephus,Joceline.Elephus@yopmail.com,Joceline.Elephus@gmail.com,developer
582,Elmira,Haerr,Elmira.Haerr@yopmail.com,Elmira.Haerr@gmail.com,worker
583,Gertrud,Maxi,Gertrud.Maxi@yopmail.com,Gertrud.Maxi@gmail.com,police officer
584,Charissa,Margarete,Charissa.Margarete@yopmail.com,Charissa.Margarete@gmail.com,police officer
585,Annora,Hylan,Annora.Hylan@yopmail.com,Annora.Hylan@gmail.com,doctor
586,Adele,Bertold,Adele.Bertold@yopmail.com,Adele.Bertold@gmail.com,worker
587,Cherrita,Even,Cherrita.Even@yopmail.com,Cherrita.Even@gmail.com,police officer
588,Shannah,Pandolfi,Shannah.Pandolfi@yopmail.com,Shannah.Pandolfi@gmail.com,worker
589,Kara-Lynn,Yuille,Kara-Lynn.Yuille@yopmail.com,Kara-Lynn.Yuille@gmail.com,doctor
590,Fanchon,Judye,Fanchon.Judye@yopmail.com,Fanchon.Judye@gmail.com,police officer
591,Nadine,Buffum,Nadine.Buffum@yopmail.com,Nadine.Buffum@gmail.com,developer
592,Stacey,Camden,Stacey.Camden@yopmail.com,Stacey.Camden@gmail.com,police officer
593,Roxane,Francene,Roxane.Francene@yopmail.com,Roxane.Francene@gmail.com,police officer
594,Bettine,Alcott,Bettine.Alcott@yopmail.com,Bettine.Alcott@gmail.com,developer
595,Paulita,Maples,Paulita.Maples@yopmail.com,Paulita.Maples@gmail.com,firefighter
596,Rhea,Japeth,Rhea.Japeth@yopmail.com,Rhea.Japeth@gmail.com,police officer
597,Heddie,Taam,Heddie.Taam@yopmail.com,Heddie.Taam@gmail.com,worker
598,Caritta,Thomasina,Caritta.Thomasina@yopmail.com,Caritta.Thomasina@gmail.com,police officer
599,Olwen,Bergman,Olwen.Bergman@yopmail.com,Olwen.Bergman@gmail.com,worker
600,Nananne,Casimir,Nananne.Casimir@yopmail.com,Nananne.Casimir@gmail.com,developer
601,Eolanda,Naor,Eolanda.Naor@yopmail.com,Eolanda.Naor@gmail.com,firefighter
602,Hollie,Jagir,Hollie.Jagir@yopmail.com,Hollie.Jagir@gmail.com,police officer
603,Winifred,Berriman,Winifred.Berriman@yopmail.com,Winifred.Berriman@gmail.com,doctor
604,Gilda,Camden,Gilda.Camden@yopmail.com,Gilda.Camden@gmail.com,developer
605,Lanna,Jarib,Lanna.Jarib@yopmail.com,Lanna.Jarib@gmail.com,police officer
606,Ursulina,Campball,Ursulina.Campball@yopmail.com,Ursulina.Campball@gmail.com,developer
607,Winifred,Dahlia,Winifred.Dahlia@yopmail.com,Winifred.Dahlia@gmail.com,developer
608,Alyda,Margarete,Alyda.Margarete@yopmail.com,Alyda.Margarete@gmail.com,firefighter
609,Zaria,Koziara,Zaria.Koziara@yopmail.com,Zaria.Koziara@gmail.com,doctor
610,Karly,Erlandson,Karly.Erlandson@yopmail.com,Karly.Erlandson@gmail.com,developer
611,Dennie,Hailee,Dennie.Hailee@yopmail.com,Dennie.Hailee@gmail.com,worker
612,Camile,Bonilla,Camile.Bonilla@yopmail.com,Camile.Bonilla@gmail.com,doctor
613,Merle,Cornelia,Merle.Cornelia@yopmail.com,Merle.Cornelia@gmail.com,developer
614,Hope,Borrell,Hope.Borrell@yopmail.com,Hope.Borrell@gmail.com,firefighter
615,Aili,Joseph,Aili.Joseph@yopmail.com,Aili.Joseph@gmail.com,police officer
616,Ayn,Wildermuth,Ayn.Wildermuth@yopmail.com,Ayn.Wildermuth@gmail.com,doctor
617,Ofilia,Ummersen,Ofilia.Ummersen@yopmail.com,Ofilia.Ummersen@gmail.com,doctor
618,Emelina,Bendick,Emelina.Bendick@yopmail.com,Emelina.Bendick@gmail.com,police officer
619,Kalina,Juliet,Kalina.Juliet@yopmail.com,Kalina.Juliet@gmail.com,doctor
620,Lulita,Kat,Lulita.Kat@yopmail.com,Lulita.Kat@gmail.com,doctor
621,Paola,Sparhawk,Paola.Sparhawk@yopmail.com,Paola.Sparhawk@gmail.com,worker
622,Genovera,Felecia,Genovera.Felecia@yopmail.com,Genovera.Felecia@gmail.com,firefighter
623,Leeanne,Reneta,Leeanne.Reneta@yopmail.com,Leeanne.Reneta@gmail.com,firefighter
624,Gianina,Waldron,Gianina.Waldron@yopmail.com,Gianina.Waldron@gmail.com,police officer
625,Thalia,Ashok,Thalia.Ashok@yopmail.com,Thalia.Ashok@gmail.com,worker
626,Renie,Fiann,Renie.Fiann@yopmail.com,Renie.Fiann@gmail.com,developer
627,Larine,Quinn,Larine.Quinn@yopmail.com,Larine.Quinn@gmail.com,developer
628,Olivette,Mandler,Olivette.Mandler@yopmail.com,Olivette.Mandler@gmail.com,developer
629,Claudina,Pandolfi,Claudina.Pandolfi@yopmail.com,Claudina.Pandolfi@gmail.com,worker
630,Ericka,Nedrud,Ericka.Nedrud@yopmail.com,Ericka.Nedrud@gmail.com,police officer
631,Hannis,Levey,Hannis.Levey@yopmail.com,Hannis.Levey@gmail.com,developer
632,Silvana,Joeann,Silvana.Joeann@yopmail.com,Silvana.Joeann@gmail.com,developer
633,Margette,Jethro,Margette.Jethro@yopmail.com,Margette.Jethro@gmail.com,worker
634,Gui,Si,Gui.Si@yopmail.com,Gui.Si@gmail.com,developer
635,Andeee,Mott,Andeee.Mott@yopmail.com,Andeee.Mott@gmail.com,police officer
636,Harrietta,Kinnard,Harrietta.Kinnard@yopmail.com,Harrietta.Kinnard@gmail.com,worker
637,Dennie,Crudden,Dennie.Crudden@yopmail.com,Dennie.Crudden@gmail.com,police officer
638,Elfreda,Madox,Elfreda.Madox@yopmail.com,Elfreda.Madox@gmail.com,developer
639,Beverley,Madaih,Beverley.Madaih@yopmail.com,Beverley.Madaih@gmail.com,firefighter
640,Miquela,Ruvolo,Miquela.Ruvolo@yopmail.com,Miquela.Ruvolo@gmail.com,worker
641,Margalo,Decato,Margalo.Decato@yopmail.com,Margalo.Decato@gmail.com,police officer
642,Karina,Casimir,Karina.Casimir@yopmail.com,Karina.Casimir@gmail.com,developer
643,Theodora,Billye,Theodora.Billye@yopmail.com,Theodora.Billye@gmail.com,worker
644,Jacquetta,Hailee,Jacquetta.Hailee@yopmail.com,Jacquetta.Hailee@gmail.com,developer
645,Dolli,Mullane,Dolli.Mullane@yopmail.com,Dolli.Mullane@gmail.com,firefighter
646,Vevay,Secrest,Vevay.Secrest@yopmail.com,Vevay.Secrest@gmail.com,police officer
647,Myrtice,Atonsah,Myrtice.Atonsah@yopmail.com,Myrtice.Atonsah@gmail.com,firefighter
648,Blake,Hunfredo,Blake.Hunfredo@yopmail.com,Blake.Hunfredo@gmail.com,worker
649,Evaleen,Jillane,Evaleen.Jillane@yopmail.com,Evaleen.Jillane@gmail.com,firefighter
650,Elbertina,Wattenberg,Elbertina.Wattenberg@yopmail.com,Elbertina.Wattenberg@gmail.com,police officer
651,Gertrud,Joli,Gertrud.Joli@yopmail.com,Gertrud.Joli@gmail.com,doctor
652,Belinda,Herrera,Belinda.Herrera@yopmail.com,Belinda.Herrera@gmail.com,doctor
653,Elora,Durante,Elora.Durante@yopmail.com,Elora.Durante@gmail.com,police officer
654,Morganica,Colleen,Morganica.Colleen@yopmail.com,Morganica.Colleen@gmail.com,police officer
655,Hannis,Gusella,Hannis.Gusella@yopmail.com,Hannis.Gusella@gmail.com,police officer
656,Lorne,Jagir,Lorne.Jagir@yopmail.com,Lorne.Jagir@gmail.com,police officer
657,Mallory,Wooster,Mallory.Wooster@yopmail.com,Mallory.Wooster@gmail.com,developer
658,Jackie,Wilkinson,Jackie.Wilkinson@yopmail.com,Jackie.Wilkinson@gmail.com,police officer
659,Orelia,Iiette,Orelia.Iiette@yopmail.com,Orelia.Iiette@gmail.com,firefighter
660,Silvana,Susannah,Silvana.Susannah@yopmail.com,Silvana.Susannah@gmail.com,police officer
661,Cassandra,Darbie,Cassandra.Darbie@yopmail.com,Cassandra.Darbie@gmail.com,worker
662,Brena,Hortensia,Brena.Hortensia@yopmail.com,Brena.Hortensia@gmail.com,doctor
663,Chickie,Baudin,Chickie.Baudin@yopmail.com,Chickie.Baudin@gmail.com,police officer
664,Deloria,Fosque,Deloria.Fosque@yopmail.com,Deloria.Fosque@gmail.com,developer
665,Coral,Sherfield,Coral.Sherfield@yopmail.com,Coral.Sherfield@gmail.com,police officer
666,Aurore,Dituri,Aurore.Dituri@yopmail.com,Aurore.Dituri@gmail.com,worker
667,Marguerite,Ortrude,Marguerite.Ortrude@yopmail.com,Marguerite.Ortrude@gmail.com,doctor
668,Max,McGrody,Max.McGrody@yopmail.com,Max.McGrody@gmail.com,worker
669,Christal,Seagraves,Christal.Seagraves@yopmail.com,Christal.Seagraves@gmail.com,developer
670,Fina,Cyrie,Fina.Cyrie@yopmail.com,Fina.Cyrie@gmail.com,developer
671,Ginnie,Chrystel,Ginnie.Chrystel@yopmail.com,Ginnie.Chrystel@gmail.com,police officer
672,Tani,Lasley,Tani.Lasley@yopmail.com,Tani.Lasley@gmail.com,developer
673,Leanna,Kelula,Leanna.Kelula@yopmail.com,Leanna.Kelula@gmail.com,firefighter
674,Merle,Christine,Merle.Christine@yopmail.com,Merle.Christine@gmail.com,developer
675,Aili,Madaih,Aili.Madaih@yopmail.com,Aili.Madaih@gmail.com,worker
676,Claudina,Neva,Claudina.Neva@yopmail.com,Claudina.Neva@gmail.com,developer
677,Darlleen,Seumas,Darlleen.Seumas@yopmail.com,Darlleen.Seumas@gmail.com,worker
678,Nananne,Kesley,Nananne.Kesley@yopmail.com,Nananne.Kesley@gmail.com,doctor
679,Emma,Gusella,Emma.Gusella@yopmail.com,Emma.Gusella@gmail.com,worker
680,Alyda,Gerge,Alyda.Gerge@yopmail.com,Alyda.Gerge@gmail.com,developer
681,Gusty,Bahr,Gusty.Bahr@yopmail.com,Gusty.Bahr@gmail.com,firefighter
682,Isa,Blisse,Isa.Blisse@yopmail.com,Isa.Blisse@gmail.com,worker
683,Veda,Garek,Veda.Garek@yopmail.com,Veda.Garek@gmail.com,developer
684,Corly,Toni,Corly.Toni@yopmail.com,Corly.Toni@gmail.com,firefighter
685,Adriana,Robertson,Adriana.Robertson@yopmail.com,Adriana.Robertson@gmail.com,doctor
686,Viki,O'Carroll,Viki.O'Carroll@yopmail.com,Viki.O'Carroll@gmail.com,developer
687,Charissa,Maiah,Charissa.Maiah@yopmail.com,Charissa.Maiah@gmail.com,doctor
688,Fanchon,Libna,Fanchon.Libna@yopmail.com,Fanchon.Libna@gmail.com,police officer
689,Maud,Desai,Maud.Desai@yopmail.com,Maud.Desai@gmail.com,developer
690,Blondelle,Reinke,Blondelle.Reinke@yopmail.com,Blondelle.Reinke@gmail.com,police officer
691,Edee,Emmy,Edee.Emmy@yopmail.com,Edee.Emmy@gmail.com,worker
692,Ronna,Tarrant,Ronna.Tarrant@yopmail.com,Ronna.Tarrant@gmail.com,developer
693,Collen,Poppy,Collen.Poppy@yopmail.com,Collen.Poppy@gmail.com,firefighter
694,Lory,Kalinda,Lory.Kalinda@yopmail.com,Lory.Kalinda@gmail.com,developer
695,Ebonee,Melan,Ebonee.Melan@yopmail.com,Ebonee.Melan@gmail.com,worker
696,Suzette,Herrera,Suzette.Herrera@yopmail.com,Suzette.Herrera@gmail.com,firefighter
697,Zsa Zsa,Schwejda,Zsa Zsa.Schwejda@yopmail.com,Zsa Zsa.Schwejda@gmail.com,developer
698,Dorothy,Gilmour,Dorothy.Gilmour@yopmail.com,Dorothy.Gilmour@gmail.com,firefighter
699,Lilith,Ricarda,Lilith.Ricarda@yopmail.com,Lilith.Ricarda@gmail.com,worker
700,Lorne,Matthew,Lorne.Matthew@yopmail.com,Lorne.Matthew@gmail.com,doctor
701,Oona,Ade,Oona.Ade@yopmail.com,Oona.Ade@gmail.com,developer
702,Daphne,Kathie,Daphne.Kathie@yopmail.com,Daphne.Kathie@gmail.com,doctor
703,Gale,Wiener,Gale.Wiener@yopmail.com,Gale.Wiener@gmail.com,worker
704,Edyth,Cressida,Edyth.Cressida@yopmail.com,Edyth.Cressida@gmail.com,worker
705,Aili,Blase,Aili.Blase@yopmail.com,Aili.Blase@gmail.com,developer
706,Helena,Izaak,Helena.Izaak@yopmail.com,Helena.Izaak@gmail.com,worker
707,Maurene,Caitlin,Maurene.Caitlin@yopmail.com,Maurene.Caitlin@gmail.com,developer
708,Annecorinne,Berriman,Annecorinne.Berriman@yopmail.com,Annecorinne.Berriman@gmail.com,police officer
709,Lulita,Hurley,Lulita.Hurley@yopmail.com,Lulita.Hurley@gmail.com,doctor
710,Libbie,Rheingold,Libbie.Rheingold@yopmail.com,Libbie.Rheingold@gmail.com,worker
711,Edyth,Pacorro,Edyth.Pacorro@yopmail.com,Edyth.Pacorro@gmail.com,doctor
712,Siana,Tengdin,Siana.Tengdin@yopmail.com,Siana.Tengdin@gmail.com,doctor
713,Kathy,Kathie,Kathy.Kathie@yopmail.com,Kathy.Kathie@gmail.com,firefighter
714,Anica,Annabella,Anica.Annabella@yopmail.com,Anica.Annabella@gmail.com,worker
715,Laure,Dyche,Laure.Dyche@yopmail.com,Laure.Dyche@gmail.com,developer
716,Ileana,Newell,Ileana.Newell@yopmail.com,Ileana.Newell@gmail.com,worker
717,Tonia,Uird,Tonia.Uird@yopmail.com,Tonia.Uird@gmail.com,doctor
718,Gabi,Elo,Gabi.Elo@yopmail.com,Gabi.Elo@gmail.com,developer
719,Janis,Erskine,Janis.Erskine@yopmail.com,Janis.Erskine@gmail.com,doctor
720,Celene,Audly,Celene.Audly@yopmail.com,Celene.Audly@gmail.com,police officer
721,Mathilda,Chobot,Mathilda.Chobot@yopmail.com,Mathilda.Chobot@gmail.com,doctor
722,Bettine,Abbot,Bettine.Abbot@yopmail.com,Bettine.Abbot@gmail.com,doctor
723,Dari,Alfons,Dari.Alfons@yopmail.com,Dari.Alfons@gmail.com,worker
724,Rosaline,Paton,Rosaline.Paton@yopmail.com,Rosaline.Paton@gmail.com,developer
725,Elmira,Vorster,Elmira.Vorster@yopmail.com,Elmira.Vorster@gmail.com,developer
726,Kathi,Ambrosia,Kathi.Ambrosia@yopmail.com,Kathi.Ambrosia@gmail.com,police officer
727,Elena,Blase,Elena.Blase@yopmail.com,Elena.Blase@gmail.com,doctor
728,Meriel,Brunell,Meriel.Brunell@yopmail.com,Meriel.Brunell@gmail.com,developer
729,Dede,Shirberg,Dede.Shirberg@yopmail.com,Dede.Shirberg@gmail.com,developer
730,Bernie,Tyson,Bernie.Tyson@yopmail.com,Bernie.Tyson@gmail.com,worker
731,Ellette,Judye,Ellette.Judye@yopmail.com,Ellette.Judye@gmail.com,doctor
732,Annora,Kunin,Annora.Kunin@yopmail.com,Annora.Kunin@gmail.com,developer
733,Lynde,Parsaye,Lynde.Parsaye@yopmail.com,Lynde.Parsaye@gmail.com,firefighter
734,Hannis,Kazimir,Hannis.Kazimir@yopmail.com,Hannis.Kazimir@gmail.com,doctor
735,Madalyn,Dex,Madalyn.Dex@yopmail.com,Madalyn.Dex@gmail.com,police officer
736,Hollie,Dituri,Hollie.Dituri@yopmail.com,Hollie.Dituri@gmail.com,worker
737,Rosabelle,Sundin,Rosabelle.Sundin@yopmail.com,Rosabelle.Sundin@gmail.com,firefighter
738,Ulrike,Schlosser,Ulrike.Schlosser@yopmail.com,Ulrike.Schlosser@gmail.com,firefighter
739,Tami,Therine,Tami.Therine@yopmail.com,Tami.Therine@gmail.com,police officer
740,Carree,Lorain,Carree.Lorain@yopmail.com,Carree.Lorain@gmail.com,doctor
741,Corly,Bebe,Corly.Bebe@yopmail.com,Corly.Bebe@gmail.com,police officer
742,Marline,Frendel,Marline.Frendel@yopmail.com,Marline.Frendel@gmail.com,doctor
743,Ruthe,Greyson,Ruthe.Greyson@yopmail.com,Ruthe.Greyson@gmail.com,developer
744,Livvyy,Oster,Livvyy.Oster@yopmail.com,Livvyy.Oster@gmail.com,firefighter
745,Lorne,Lutero,Lorne.Lutero@yopmail.com,Lorne.Lutero@gmail.com,firefighter
746,Sharlene,Anastatius,Sharlene.Anastatius@yopmail.com,Sharlene.Anastatius@gmail.com,worker
747,Gretal,Tremayne,Gretal.Tremayne@yopmail.com,Gretal.Tremayne@gmail.com,firefighter
748,Lizzie,Dosia,Lizzie.Dosia@yopmail.com,Lizzie.Dosia@gmail.com,firefighter
749,Georgetta,Mathilde,Georgetta.Mathilde@yopmail.com,Georgetta.Mathilde@gmail.com,police officer
750,Sadie,Cressida,Sadie.Cressida@yopmail.com,Sadie.Cressida@gmail.com,firefighter
751,Lynnea,Cristi,Lynnea.Cristi@yopmail.com,Lynnea.Cristi@gmail.com,firefighter
752,Gilligan,Howlyn,Gilligan.Howlyn@yopmail.com,Gilligan.Howlyn@gmail.com,firefighter
753,Riannon,Seessel,Riannon.Seessel@yopmail.com,Riannon.Seessel@gmail.com,police officer
754,Yetty,Mehalek,Yetty.Mehalek@yopmail.com,Yetty.Mehalek@gmail.com,firefighter
755,Cherrita,Ovid,Cherrita.Ovid@yopmail.com,Cherrita.Ovid@gmail.com,police officer
756,Pamella,Maiah,Pamella.Maiah@yopmail.com,Pamella.Maiah@gmail.com,worker
757,Magdalena,Etom,Magdalena.Etom@yopmail.com,Magdalena.Etom@gmail.com,worker
758,Averyl,Cookie,Averyl.Cookie@yopmail.com,Averyl.Cookie@gmail.com,worker
759,Lucy,Wyn,Lucy.Wyn@yopmail.com,Lucy.Wyn@gmail.com,worker
760,Bee,Lindemann,Bee.Lindemann@yopmail.com,Bee.Lindemann@gmail.com,worker
761,Chloris,Evvie,Chloris.Evvie@yopmail.com,Chloris.Evvie@gmail.com,worker
762,Lenna,Matthew,Lenna.Matthew@yopmail.com,Lenna.Matthew@gmail.com,police officer
763,Taffy,Zola,Taffy.Zola@yopmail.com,Taffy.Zola@gmail.com,worker
764,Leona,Uird,Leona.Uird@yopmail.com,Leona.Uird@gmail.com,doctor
765,Vinita,Velick,Vinita.Velick@yopmail.com,Vinita.Velick@gmail.com,worker
766,Robbi,Dyche,Robbi.Dyche@yopmail.com,Robbi.Dyche@gmail.com,developer
767,Tersina,Andrel,Tersina.Andrel@yopmail.com,Tersina.Andrel@gmail.com,police officer
768,Rubie,Nelsen,Rubie.Nelsen@yopmail.com,Rubie.Nelsen@gmail.com,worker
769,Aurelie,Raama,Aurelie.Raama@yopmail.com,Aurelie.Raama@gmail.com,firefighter
770,Mara,Marsden,Mara.Marsden@yopmail.com,Mara.Marsden@gmail.com,worker
771,Drucie,Kiersten,Drucie.Kiersten@yopmail.com,Drucie.Kiersten@gmail.com,doctor
772,Layla,Etom,Layla.Etom@yopmail.com,Layla.Etom@gmail.com,worker
773,Isa,Norrie,Isa.Norrie@yopmail.com,Isa.Norrie@gmail.com,firefighter
774,Shandie,Camden,Shandie.Camden@yopmail.com,Shandie.Camden@gmail.com,doctor
775,Natka,Kress,Natka.Kress@yopmail.com,Natka.Kress@gmail.com,police officer
776,Raina,Minetta,Raina.Minetta@yopmail.com,Raina.Minetta@gmail.com,worker
777,Ezmeralda,Modie,Ezmeralda.Modie@yopmail.com,Ezmeralda.Modie@gmail.com,firefighter
778,Juliane,Nahum,Juliane.Nahum@yopmail.com,Juliane.Nahum@gmail.com,police officer
779,Hermione,Franza,Hermione.Franza@yopmail.com,Hermione.Franza@gmail.com,developer
780,Sophia,Joeann,Sophia.Joeann@yopmail.com,Sophia.Joeann@gmail.com,police officer
781,Barbara,Jess,Barbara.Jess@yopmail.com,Barbara.Jess@gmail.com,developer
782,Sheelagh,Zamora,Sheelagh.Zamora@yopmail.com,Sheelagh.Zamora@gmail.com,worker
783,Carly,Rheingold,Carly.Rheingold@yopmail.com,Carly.Rheingold@gmail.com,police officer
784,Yvonne,Jary,Yvonne.Jary@yopmail.com,Yvonne.Jary@gmail.com,firefighter
785,Thalia,Karna,Thalia.Karna@yopmail.com,Thalia.Karna@gmail.com,doctor
786,Stephanie,Alfons,Stephanie.Alfons@yopmail.com,Stephanie.Alfons@gmail.com,worker
787,Clarice,Wolfgram,Clarice.Wolfgram@yopmail.com,Clarice.Wolfgram@gmail.com,worker
788,Judy,Wind,Judy.Wind@yopmail.com,Judy.Wind@gmail.com,developer
789,Cam,Carleen,Cam.Carleen@yopmail.com,Cam.Carleen@gmail.com,worker
790,Renie,Emanuel,Renie.Emanuel@yopmail.com,Renie.Emanuel@gmail.com,firefighter
791,Nita,Alva,Nita.Alva@yopmail.com,Nita.Alva@gmail.com,worker
792,Romona,Hollingsworth,Romona.Hollingsworth@yopmail.com,Romona.Hollingsworth@gmail.com,police officer
793,Karlee,Ogren,Karlee.Ogren@yopmail.com,Karlee.Ogren@gmail.com,developer
794,Carilyn,Nickola,Carilyn.Nickola@yopmail.com,Carilyn.Nickola@gmail.com,police officer
795,Lila,Kat,Lila.Kat@yopmail.com,Lila.Kat@gmail.com,firefighter
796,Carol-Jean,Marden,Carol-Jean.Marden@yopmail.com,Carol-Jean.Marden@gmail.com,doctor
797,Ulrike,Kimmie,Ulrike.Kimmie@yopmail.com,Ulrike.Kimmie@gmail.com,police officer
798,Thalia,Helfand,Thalia.Helfand@yopmail.com,Thalia.Helfand@gmail.com,worker
799,Alisha,Cleavland,Alisha.Cleavland@yopmail.com,Alisha.Cleavland@gmail.com,police officer
800,Sibella,Kaete,Sibella.Kaete@yopmail.com,Sibella.Kaete@gmail.com,developer
801,Dulcinea,Earlie,Dulcinea.Earlie@yopmail.com,Dulcinea.Earlie@gmail.com,developer
802,Netty,Narton,Netty.Narton@yopmail.com,Netty.Narton@gmail.com,police officer
803,Florencia,Charity,Florencia.Charity@yopmail.com,Florencia.Charity@gmail.com,developer
804,Cristabel,Niccolo,Cristabel.Niccolo@yopmail.com,Cristabel.Niccolo@gmail.com,doctor
805,Gui,Merna,Gui.Merna@yopmail.com,Gui.Merna@gmail.com,worker
806,Olivette,Allys,Olivette.Allys@yopmail.com,Olivette.Allys@gmail.com,police officer
807,Eadie,Whittaker,Eadie.Whittaker@yopmail.com,Eadie.Whittaker@gmail.com,police officer
808,Chickie,Rooney,Chickie.Rooney@yopmail.com,Chickie.Rooney@gmail.com,worker
809,Kimmy,Dannye,Kimmy.Dannye@yopmail.com,Kimmy.Dannye@gmail.com,developer
810,Starla,McNully,Starla.McNully@yopmail.com,Starla.McNully@gmail.com,developer
811,Roz,Seagraves,Roz.Seagraves@yopmail.com,Roz.Seagraves@gmail.com,doctor
812,Cindelyn,Gilbertson,Cindelyn.Gilbertson@yopmail.com,Cindelyn.Gilbertson@gmail.com,developer
813,Jerry,August,Jerry.August@yopmail.com,Jerry.August@gmail.com,firefighter
814,Cecile,Beniamino,Cecile.Beniamino@yopmail.com,Cecile.Beniamino@gmail.com,firefighter
815,Chloris,Gladstone,Chloris.Gladstone@yopmail.com,Chloris.Gladstone@gmail.com,police officer
816,Jacenta,Sprage,Jacenta.Sprage@yopmail.com,Jacenta.Sprage@gmail.com,developer
817,Harrietta,Bonucci,Harrietta.Bonucci@yopmail.com,Harrietta.Bonucci@gmail.com,worker
818,Emilia,Virgin,Emilia.Virgin@yopmail.com,Emilia.Virgin@gmail.com,doctor
819,Nita,Rubie,Nita.Rubie@yopmail.com,Nita.Rubie@gmail.com,police officer
820,Karolina,Garek,Karolina.Garek@yopmail.com,Karolina.Garek@gmail.com,police officer
821,Trudie,Rossner,Trudie.Rossner@yopmail.com,Trudie.Rossner@gmail.com,doctor
822,Hannis,Jethro,Hannis.Jethro@yopmail.com,Hannis.Jethro@gmail.com,doctor
823,Anica,Alisia,Anica.Alisia@yopmail.com,Anica.Alisia@gmail.com,doctor
824,Noelle,Noman,Noelle.Noman@yopmail.com,Noelle.Noman@gmail.com,worker
825,Kayla,Kazimir,Kayla.Kazimir@yopmail.com,Kayla.Kazimir@gmail.com,worker
826,Katuscha,Taam,Katuscha.Taam@yopmail.com,Katuscha.Taam@gmail.com,developer
827,Donetta,Cecile,Donetta.Cecile@yopmail.com,Donetta.Cecile@gmail.com,police officer
828,Gabi,Mauer,Gabi.Mauer@yopmail.com,Gabi.Mauer@gmail.com,worker
829,Ursulina,Mintz,Ursulina.Mintz@yopmail.com,Ursulina.Mintz@gmail.com,police officer
830,Talya,Grosz,Talya.Grosz@yopmail.com,Talya.Grosz@gmail.com,police officer
831,Marti,Soneson,Marti.Soneson@yopmail.com,Marti.Soneson@gmail.com,developer
832,Marita,Goode,Marita.Goode@yopmail.com,Marita.Goode@gmail.com,police officer
833,Emilia,Erlandson,Emilia.Erlandson@yopmail.com,Emilia.Erlandson@gmail.com,developer
834,Sonni,Schroth,Sonni.Schroth@yopmail.com,Sonni.Schroth@gmail.com,doctor
835,Carly,Posner,Carly.Posner@yopmail.com,Carly.Posner@gmail.com,police officer
836,Meg,Quinn,Meg.Quinn@yopmail.com,Meg.Quinn@gmail.com,doctor
837,Hannis,Belldas,Hannis.Belldas@yopmail.com,Hannis.Belldas@gmail.com,doctor
838,Donetta,Bury,Donetta.Bury@yopmail.com,Donetta.Bury@gmail.com,doctor
839,Bill,Ovid,Bill.Ovid@yopmail.com,Bill.Ovid@gmail.com,firefighter
840,Rosaline,Zrike,Rosaline.Zrike@yopmail.com,Rosaline.Zrike@gmail.com,worker
841,Nyssa,Juliet,Nyssa.Juliet@yopmail.com,Nyssa.Juliet@gmail.com,doctor
842,Kathy,Sothena,Kathy.Sothena@yopmail.com,Kathy.Sothena@gmail.com,worker
843,Meriel,Erb,Meriel.Erb@yopmail.com,Meriel.Erb@gmail.com,developer
844,Gwenneth,Vins,Gwenneth.Vins@yopmail.com,Gwenneth.Vins@gmail.com,firefighter
845,Maye,Ephrem,Maye.Ephrem@yopmail.com,Maye.Ephrem@gmail.com,firefighter
846,Krystle,Whittaker,Krystle.Whittaker@yopmail.com,Krystle.Whittaker@gmail.com,firefighter
847,Maryellen,Iaverne,Maryellen.Iaverne@yopmail.com,Maryellen.Iaverne@gmail.com,worker
848,Tabbatha,Delacourt,Tabbatha.Delacourt@yopmail.com,Tabbatha.Delacourt@gmail.com,police officer
849,Claudina,Mata,Claudina.Mata@yopmail.com,Claudina.Mata@gmail.com,doctor
850,Meriel,Chobot,Meriel.Chobot@yopmail.com,Meriel.Chobot@gmail.com,worker
851,Nyssa,Emerson,Nyssa.Emerson@yopmail.com,Nyssa.Emerson@gmail.com,firefighter
852,Caryl,Cherianne,Caryl.Cherianne@yopmail.com,Caryl.Cherianne@gmail.com,doctor
853,Ruthe,Phaidra,Ruthe.Phaidra@yopmail.com,Ruthe.Phaidra@gmail.com,police officer
854,Danny,Schwejda,Danny.Schwejda@yopmail.com,Danny.Schwejda@gmail.com,firefighter
855,Caressa,Seagraves,Caressa.Seagraves@yopmail.com,Caressa.Seagraves@gmail.com,police officer
856,Cacilie,Olympium,Cacilie.Olympium@yopmail.com,Cacilie.Olympium@gmail.com,developer
857,Anallese,Alabaster,Anallese.Alabaster@yopmail.com,Anallese.Alabaster@gmail.com,police officer
858,Zsa Zsa,Infield,Zsa Zsa.Infield@yopmail.com,Zsa Zsa.Infield@gmail.com,firefighter
859,Corina,Seligman,Corina.Seligman@yopmail.com,Corina.Seligman@gmail.com,firefighter
860,Rozele,Bonucci,Rozele.Bonucci@yopmail.com,Rozele.Bonucci@gmail.com,police officer
861,Ginnie,Schwejda,Ginnie.Schwejda@yopmail.com,Ginnie.Schwejda@gmail.com,developer
862,Anica,Beebe,Anica.Beebe@yopmail.com,Anica.Beebe@gmail.com,worker
863,Louella,Chapland,Louella.Chapland@yopmail.com,Louella.Chapland@gmail.com,developer
864,Lory,Uund,Lory.Uund@yopmail.com,Lory.Uund@gmail.com,doctor
865,Fanchon,Chem,Fanchon.Chem@yopmail.com,Fanchon.Chem@gmail.com,developer
866,Magdalena,Zaslow,Magdalena.Zaslow@yopmail.com,Magdalena.Zaslow@gmail.com,developer
867,Bee,Chobot,Bee.Chobot@yopmail.com,Bee.Chobot@gmail.com,worker
868,Justinn,Rebecka,Justinn.Rebecka@yopmail.com,Justinn.Rebecka@gmail.com,doctor
869,Ida,Sidonius,Ida.Sidonius@yopmail.com,Ida.Sidonius@gmail.com,developer
870,Elora,Lalitta,Elora.Lalitta@yopmail.com,Elora.Lalitta@gmail.com,doctor
871,Gaylene,Atcliffe,Gaylene.Atcliffe@yopmail.com,Gaylene.Atcliffe@gmail.com,firefighter
872,Dorthy,Moina,Dorthy.Moina@yopmail.com,Dorthy.Moina@gmail.com,developer
873,Gaylene,Croix,Gaylene.Croix@yopmail.com,Gaylene.Croix@gmail.com,developer
874,Bibby,Natalia,Bibby.Natalia@yopmail.com,Bibby.Natalia@gmail.com,police officer
875,Hallie,Morgun,Hallie.Morgun@yopmail.com,Hallie.Morgun@gmail.com,doctor
876,Orsola,Marsden,Orsola.Marsden@yopmail.com,Orsola.Marsden@gmail.com,doctor
877,Aaren,Stanwood,Aaren.Stanwood@yopmail.com,Aaren.Stanwood@gmail.com,doctor
878,Lolita,Pernick,Lolita.Pernick@yopmail.com,Lolita.Pernick@gmail.com,firefighter
879,Alie,Maurine,Alie.Maurine@yopmail.com,Alie.Maurine@gmail.com,developer
880,Nollie,Pauly,Nollie.Pauly@yopmail.com,Nollie.Pauly@gmail.com,doctor
881,Steffane,Garbe,Steffane.Garbe@yopmail.com,Steffane.Garbe@gmail.com,firefighter
882,Feliza,Juliet,Feliza.Juliet@yopmail.com,Feliza.Juliet@gmail.com,developer
883,Florencia,Kylander,Florencia.Kylander@yopmail.com,Florencia.Kylander@gmail.com,firefighter
884,Dawn,Zeeba,Dawn.Zeeba@yopmail.com,Dawn.Zeeba@gmail.com,worker
885,Brynna,Berne,Brynna.Berne@yopmail.com,Brynna.Berne@gmail.com,firefighter
886,Margarette,Ralfston,Margarette.Ralfston@yopmail.com,Margarette.Ralfston@gmail.com,worker
887,Joane,Edee,Joane.Edee@yopmail.com,Joane.Edee@gmail.com,worker
888,Angelique,Vastah,Angelique.Vastah@yopmail.com,Angelique.Vastah@gmail.com,police officer
889,Emma,Maryanne,Emma.Maryanne@yopmail.com,Emma.Maryanne@gmail.com,doctor
890,Jenilee,Rogerio,Jenilee.Rogerio@yopmail.com,Jenilee.Rogerio@gmail.com,developer
891,Georgetta,Miru,Georgetta.Miru@yopmail.com,Georgetta.Miru@gmail.com,firefighter
892,Talya,Atonsah,Talya.Atonsah@yopmail.com,Talya.Atonsah@gmail.com,worker
893,Merrie,Laverne,Merrie.Laverne@yopmail.com,Merrie.Laverne@gmail.com,worker
894,Xylina,Salvidor,Xylina.Salvidor@yopmail.com,Xylina.Salvidor@gmail.com,police officer
895,Beverley,Raama,Beverley.Raama@yopmail.com,Beverley.Raama@gmail.com,worker
896,Glenda,Toni,Glenda.Toni@yopmail.com,Glenda.Toni@gmail.com,firefighter
897,Shauna,Zola,Shauna.Zola@yopmail.com,Shauna.Zola@gmail.com,police officer
898,Britni,Wesle,Britni.Wesle@yopmail.com,Britni.Wesle@gmail.com,worker
899,Romona,Tiffa,Romona.Tiffa@yopmail.com,Romona.Tiffa@gmail.com,police officer
900,Gerrie,Donell,Gerrie.Donell@yopmail.com,Gerrie.Donell@gmail.com,police officer
901,Abbie,Richers,Abbie.Richers@yopmail.com,Abbie.Richers@gmail.com,police officer
902,Oona,Gert,Oona.Gert@yopmail.com,Oona.Gert@gmail.com,police officer
903,Agathe,Hepsibah,Agathe.Hepsibah@yopmail.com,Agathe.Hepsibah@gmail.com,developer
904,Ardys,Azeria,Ardys.Azeria@yopmail.com,Ardys.Azeria@gmail.com,police officer
905,Carmela,Goode,Carmela.Goode@yopmail.com,Carmela.Goode@gmail.com,firefighter
906,Agnese,Erb,Agnese.Erb@yopmail.com,Agnese.Erb@gmail.com,police officer
907,Latisha,Roche,Latisha.Roche@yopmail.com,Latisha.Roche@gmail.com,worker
908,Lyssa,Merna,Lyssa.Merna@yopmail.com,Lyssa.Merna@gmail.com,developer
909,Maud,Joni,Maud.Joni@yopmail.com,Maud.Joni@gmail.com,doctor
910,Agathe,Therine,Agathe.Therine@yopmail.com,Agathe.Therine@gmail.com,developer
911,Kenna,Juliet,Kenna.Juliet@yopmail.com,Kenna.Juliet@gmail.com,doctor
912,Cassondra,Howlyn,Cassondra.Howlyn@yopmail.com,Cassondra.Howlyn@gmail.com,worker
913,Cherrita,Talia,Cherrita.Talia@yopmail.com,Cherrita.Talia@gmail.com,worker
914,Kassey,Sharl,Kassey.Sharl@yopmail.com,Kassey.Sharl@gmail.com,worker
915,Deloria,Chem,Deloria.Chem@yopmail.com,Deloria.Chem@gmail.com,worker
916,Edee,Brunell,Edee.Brunell@yopmail.com,Edee.Brunell@gmail.com,developer
917,Lucy,Shelba,Lucy.Shelba@yopmail.com,Lucy.Shelba@gmail.com,firefighter
918,Etta,Suanne,Etta.Suanne@yopmail.com,Etta.Suanne@gmail.com,doctor
919,Selma,Dom,Selma.Dom@yopmail.com,Selma.Dom@gmail.com,police officer
920,Bernie,Egbert,Bernie.Egbert@yopmail.com,Bernie.Egbert@gmail.com,police officer
921,Joeann,Leopold,Joeann.Leopold@yopmail.com,Joeann.Leopold@gmail.com,worker
922,Kittie,Jess,Kittie.Jess@yopmail.com,Kittie.Jess@gmail.com,firefighter
923,Rhoda,Dudley,Rhoda.Dudley@yopmail.com,Rhoda.Dudley@gmail.com,doctor
924,Alisha,Sallyann,Alisha.Sallyann@yopmail.com,Alisha.Sallyann@gmail.com,doctor
925,Beverley,Harned,Beverley.Harned@yopmail.com,Beverley.Harned@gmail.com,worker
926,Melina,Duwalt,Melina.Duwalt@yopmail.com,Melina.Duwalt@gmail.com,developer
927,Chrystel,Matthew,Chrystel.Matthew@yopmail.com,Chrystel.Matthew@gmail.com,doctor
928,Jemie,Rozanna,Jemie.Rozanna@yopmail.com,Jemie.Rozanna@gmail.com,firefighter
929,Kirstin,Cullin,Kirstin.Cullin@yopmail.com,Kirstin.Cullin@gmail.com,developer
930,Deedee,Yam,Deedee.Yam@yopmail.com,Deedee.Yam@gmail.com,firefighter
931,Florie,Tamar,Florie.Tamar@yopmail.com,Florie.Tamar@gmail.com,worker
932,Augustine,Lalitta,Augustine.Lalitta@yopmail.com,Augustine.Lalitta@gmail.com,firefighter
933,Fanchon,Howlyn,Fanchon.Howlyn@yopmail.com,Fanchon.Howlyn@gmail.com,police officer
934,Adelle,Hanleigh,Adelle.Hanleigh@yopmail.com,Adelle.Hanleigh@gmail.com,doctor
935,Olivette,Nance,Olivette.Nance@yopmail.com,Olivette.Nance@gmail.com,firefighter
936,Melisent,Greyson,Melisent.Greyson@yopmail.com,Melisent.Greyson@gmail.com,worker
937,Carmencita,Bonucci,Carmencita.Bonucci@yopmail.com,Carmencita.Bonucci@gmail.com,police officer
938,Janey,Sheedy,Janey.Sheedy@yopmail.com,Janey.Sheedy@gmail.com,developer
939,Elora,Hortensia,Elora.Hortensia@yopmail.com,Elora.Hortensia@gmail.com,developer
940,Genevra,Fairweather,Genevra.Fairweather@yopmail.com,Genevra.Fairweather@gmail.com,doctor
941,Dacia,Lynn,Dacia.Lynn@yopmail.com,Dacia.Lynn@gmail.com,developer
942,Leona,Bronk,Leona.Bronk@yopmail.com,Leona.Bronk@gmail.com,firefighter
943,Nessie,Lanita,Nessie.Lanita@yopmail.com,Nessie.Lanita@gmail.com,police officer
944,Hannis,Warthman,Hannis.Warthman@yopmail.com,Hannis.Warthman@gmail.com,worker
945,Ronna,Ellord,Ronna.Ellord@yopmail.com,Ronna.Ellord@gmail.com,developer
946,Yvonne,Tarrant,Yvonne.Tarrant@yopmail.com,Yvonne.Tarrant@gmail.com,developer
947,Robbi,Daveta,Robbi.Daveta@yopmail.com,Robbi.Daveta@gmail.com,firefighter
948,Ursulina,Bevin,Ursulina.Bevin@yopmail.com,Ursulina.Bevin@gmail.com,worker
949,Chastity,Fontana,Chastity.Fontana@yopmail.com,Chastity.Fontana@gmail.com,firefighter
950,Kassey,Geffner,Kassey.Geffner@yopmail.com,Kassey.Geffner@gmail.com,worker
951,Molli,Baudin,Molli.Baudin@yopmail.com,Molli.Baudin@gmail.com,doctor
952,Collen,Jacobah,Collen.Jacobah@yopmail.com,Collen.Jacobah@gmail.com,firefighter
953,Gratia,Eben,Gratia.Eben@yopmail.com,Gratia.Eben@gmail.com,firefighter
954,Tabbatha,Edmund,Tabbatha.Edmund@yopmail.com,Tabbatha.Edmund@gmail.com,doctor
955,Marnia,Oster,Marnia.Oster@yopmail.com,Marnia.Oster@gmail.com,worker
956,Louella,Kenney,Louella.Kenney@yopmail.com,Louella.Kenney@gmail.com,developer
957,Sheelagh,Boycey,Sheelagh.Boycey@yopmail.com,Sheelagh.Boycey@gmail.com,doctor
958,Fina,Hailee,Fina.Hailee@yopmail.com,Fina.Hailee@gmail.com,worker
959,Layla,Ardeha,Layla.Ardeha@yopmail.com,Layla.Ardeha@gmail.com,developer
960,Elvira,Azeria,Elvira.Azeria@yopmail.com,Elvira.Azeria@gmail.com,doctor
961,Kirbee,Dearborn,Kirbee.Dearborn@yopmail.com,Kirbee.Dearborn@gmail.com,worker
962,Iseabal,Edmund,Iseabal.Edmund@yopmail.com,Iseabal.Edmund@gmail.com,developer
963,Tabbatha,Adlare,Tabbatha.Adlare@yopmail.com,Tabbatha.Adlare@gmail.com,police officer
964,Lisette,Carri,Lisette.Carri@yopmail.com,Lisette.Carri@gmail.com,police officer
965,Cam,Dimitris,Cam.Dimitris@yopmail.com,Cam.Dimitris@gmail.com,firefighter
966,Nanete,Sabella,Nanete.Sabella@yopmail.com,Nanete.Sabella@gmail.com,doctor
967,Lanna,Niles,Lanna.Niles@yopmail.com,Lanna.Niles@gmail.com,doctor
968,Nataline,Verger,Nataline.Verger@yopmail.com,Nataline.Verger@gmail.com,doctor
969,Rhoda,Redmond,Rhoda.Redmond@yopmail.com,Rhoda.Redmond@gmail.com,police officer
970,Danika,Daniele,Danika.Daniele@yopmail.com,Danika.Daniele@gmail.com,police officer
971,Desirae,Teddman,Desirae.Teddman@yopmail.com,Desirae.Teddman@gmail.com,police officer
972,Tani,Danby,Tani.Danby@yopmail.com,Tani.Danby@gmail.com,developer
973,Linzy,Lia,Linzy.Lia@yopmail.com,Linzy.Lia@gmail.com,worker
974,Donnie,Harriman,Donnie.Harriman@yopmail.com,Donnie.Harriman@gmail.com,firefighter
975,Nananne,Shaver,Nananne.Shaver@yopmail.com,Nananne.Shaver@gmail.com,doctor
976,Oona,Monk,Oona.Monk@yopmail.com,Oona.Monk@gmail.com,developer
977,Fanchon,Teddman,Fanchon.Teddman@yopmail.com,Fanchon.Teddman@gmail.com,developer
978,Jenda,Susannah,Jenda.Susannah@yopmail.com,Jenda.Susannah@gmail.com,firefighter
979,Abbie,Lowry,Abbie.Lowry@yopmail.com,Abbie.Lowry@gmail.com,doctor
980,Mady,Stephie,Mady.Stephie@yopmail.com,Mady.Stephie@gmail.com,worker
981,Correy,Kinnard,Correy.Kinnard@yopmail.com,Correy.Kinnard@gmail.com,firefighter
982,Stephanie,Chesna,Stephanie.Chesna@yopmail.com,Stephanie.Chesna@gmail.com,worker
983,Winny,Kauppi,Winny.Kauppi@yopmail.com,Winny.Kauppi@gmail.com,worker
984,Shaine,Paton,Shaine.Paton@yopmail.com,Shaine.Paton@gmail.com,developer
985,Thalia,Buttaro,Thalia.Buttaro@yopmail.com,Thalia.Buttaro@gmail.com,doctor
986,Jessy,Turne,Jessy.Turne@yopmail.com,Jessy.Turne@gmail.com,doctor
987,Abbie,Wallis,Abbie.Wallis@yopmail.com,Abbie.Wallis@gmail.com,police officer
988,Louella,Thilda,Louella.Thilda@yopmail.com,Louella.Thilda@gmail.com,developer
989,Genovera,Daegal,Genovera.Daegal@yopmail.com,Genovera.Daegal@gmail.com,doctor
990,Wilma,Byrne,Wilma.Byrne@yopmail.com,Wilma.Byrne@gmail.com,police officer
991,Vanessa,Lindemann,Vanessa.Lindemann@yopmail.com,Vanessa.Lindemann@gmail.com,worker
992,Ivett,Rebecka,Ivett.Rebecka@yopmail.com,Ivett.Rebecka@gmail.com,police officer
993,Lisette,Ietta,Lisette.Ietta@yopmail.com,Lisette.Ietta@gmail.com,developer
994,June,Angelis,June.Angelis@yopmail.com,June.Angelis@gmail.com,worker
995,Justinn,Bahr,Justinn.Bahr@yopmail.com,Justinn.Bahr@gmail.com,police officer
996,Krystle,Eben,Krystle.Eben@yopmail.com,Krystle.Eben@gmail.com,worker
997,Ashlee,Dash,Ashlee.Dash@yopmail.com,Ashlee.Dash@gmail.com,firefighter
998,Mamie,Blake,Mamie.Blake@yopmail.com,Mamie.Blake@gmail.com,developer
999,Annora,Florina,Annora.Florina@yopmail.com,Annora.Florina@gmail.com,doctor
1000,Petronia,Jehu,Petronia.Jehu@yopmail.com,Petronia.Jehu@gmail.com,police officer
1001,Wynne,Rozanna,Wynne.Rozanna@yopmail.com,Wynne.Rozanna@gmail.com,developer
1002,Maisey,Brodench,Maisey.Brodench@yopmail.com,Maisey.Brodench@gmail.com,doctor
1003,Mariann,Latini,Mariann.Latini@yopmail.com,Mariann.Latini@gmail.com,police officer
1004,Brena,Madelene,Brena.Madelene@yopmail.com,Brena.Madelene@gmail.com,police officer
1005,Sybille,Dalli,Sybille.Dalli@yopmail.com,Sybille.Dalli@gmail.com,developer
1006,Hollie,Jagir,Hollie.Jagir@yopmail.com,Hollie.Jagir@gmail.com,worker
1007,Kimmy,Thunell,Kimmy.Thunell@yopmail.com,Kimmy.Thunell@gmail.com,doctor
1008,Cyndie,Manolo,Cyndie.Manolo@yopmail.com,Cyndie.Manolo@gmail.com,firefighter
1009,Etta,Raul,Etta.Raul@yopmail.com,Etta.Raul@gmail.com,police officer
1010,Siana,Mata,Siana.Mata@yopmail.com,Siana.Mata@gmail.com,developer
1011,Constance,Ranjiv,Constance.Ranjiv@yopmail.com,Constance.Ranjiv@gmail.com,police officer
1012,Donnie,Xerxes,Donnie.Xerxes@yopmail.com,Donnie.Xerxes@gmail.com,developer
1013,Jenilee,Ursulette,Jenilee.Ursulette@yopmail.com,Jenilee.Ursulette@gmail.com,firefighter
1014,Lulita,Lissi,Lulita.Lissi@yopmail.com,Lulita.Lissi@gmail.com,firefighter
1015,Frank,Clarissa,Frank.Clarissa@yopmail.com,Frank.Clarissa@gmail.com,worker
1016,Lulita,Konyn,Lulita.Konyn@yopmail.com,Lulita.Konyn@gmail.com,firefighter
1017,Laurene,Gwenore,Laurene.Gwenore@yopmail.com,Laurene.Gwenore@gmail.com,police officer
1018,Candi,Bennie,Candi.Bennie@yopmail.com,Candi.Bennie@gmail.com,worker
1019,Shaylyn,Randene,Shaylyn.Randene@yopmail.com,Shaylyn.Randene@gmail.com,worker
1020,Ottilie,Goldina,Ottilie.Goldina@yopmail.com,Ottilie.Goldina@gmail.com,worker
1021,Camile,Gilbertson,Camile.Gilbertson@yopmail.com,Camile.Gilbertson@gmail.com,developer
1022,Anica,Grimbly,Anica.Grimbly@yopmail.com,Anica.Grimbly@gmail.com,doctor
1023,Ronna,Weide,Ronna.Weide@yopmail.com,Ronna.Weide@gmail.com,doctor
1024,Anallese,Shields,Anallese.Shields@yopmail.com,Anallese.Shields@gmail.com,developer
1025,Cathie,Seessel,Cathie.Seessel@yopmail.com,Cathie.Seessel@gmail.com,doctor
1026,Ulrike,Corrine,Ulrike.Corrine@yopmail.com,Ulrike.Corrine@gmail.com,police officer
1027,Brana,Artie,Brana.Artie@yopmail.com,Brana.Artie@gmail.com,developer
1028,Jenilee,Rozanna,Jenilee.Rozanna@yopmail.com,Jenilee.Rozanna@gmail.com,firefighter
1029,Genovera,Septima,Genovera.Septima@yopmail.com,Genovera.Septima@gmail.com,developer
1030,Elvira,Reinke,Elvira.Reinke@yopmail.com,Elvira.Reinke@gmail.com,doctor
1031,Rebeca,Artie,Rebeca.Artie@yopmail.com,Rebeca.Artie@gmail.com,police officer
1032,Evaleen,Genna,Evaleen.Genna@yopmail.com,Evaleen.Genna@gmail.com,doctor
1033,Goldie,Tice,Goldie.Tice@yopmail.com,Goldie.Tice@gmail.com,developer
1034,Di,Hortensia,Di.Hortensia@yopmail.com,Di.Hortensia@gmail.com,firefighter
1035,Konstance,Imelida,Konstance.Imelida@yopmail.com,Konstance.Imelida@gmail.com,firefighter
1036,Pierette,Fabiola,Pierette.Fabiola@yopmail.com,Pierette.Fabiola@gmail.com,developer
1037,Beatriz,Esmaria,Beatriz.Esmaria@yopmail.com,Beatriz.Esmaria@gmail.com,firefighter
1038,Reeba,Bohlin,Reeba.Bohlin@yopmail.com,Reeba.Bohlin@gmail.com,doctor
1039,Lynde,Willie,Lynde.Willie@yopmail.com,Lynde.Willie@gmail.com,police officer
1040,Britni,Seumas,Britni.Seumas@yopmail.com,Britni.Seumas@gmail.com,police officer
1041,Bernie,Sherrie,Bernie.Sherrie@yopmail.com,Bernie.Sherrie@gmail.com,developer
1042,Karina,Arathorn,Karina.Arathorn@yopmail.com,Karina.Arathorn@gmail.com,worker
1043,Marika,Odell,Marika.Odell@yopmail.com,Marika.Odell@gmail.com,worker
1044,Vivia,Ovid,Vivia.Ovid@yopmail.com,Vivia.Ovid@gmail.com,police officer
1045,Jasmina,Maryanne,Jasmina.Maryanne@yopmail.com,Jasmina.Maryanne@gmail.com,worker
1046,Lolita,Jalbert,Lolita.Jalbert@yopmail.com,Lolita.Jalbert@gmail.com,police officer
1047,Kaia,Lea,Kaia.Lea@yopmail.com,Kaia.Lea@gmail.com,worker
1048,Charmaine,Rogerio,Charmaine.Rogerio@yopmail.com,Charmaine.Rogerio@gmail.com,worker
1049,Queenie,Gladstone,Queenie.Gladstone@yopmail.com,Queenie.Gladstone@gmail.com,firefighter
1050,Dania,Sprage,Dania.Sprage@yopmail.com,Dania.Sprage@gmail.com,worker
1051,Elise,Corilla,Elise.Corilla@yopmail.com,Elise.Corilla@gmail.com,developer
1052,Meriel,Eno,Meriel.Eno@yopmail.com,Meriel.Eno@gmail.com,police officer
1053,Carmencita,Susannah,Carmencita.Susannah@yopmail.com,Carmencita.Susannah@gmail.com,doctor
1054,Harmonia,Seagraves,Harmonia.Seagraves@yopmail.com,Harmonia.Seagraves@gmail.com,worker
1055,Mariele,Lymann,Mariele.Lymann@yopmail.com,Mariele.Lymann@gmail.com,worker
1056,Cyb,Curren,Cyb.Curren@yopmail.com,Cyb.Curren@gmail.com,police officer
1057,Sonni,Granoff,Sonni.Granoff@yopmail.com,Sonni.Granoff@gmail.com,firefighter
1058,Doro,Goddard,Doro.Goddard@yopmail.com,Doro.Goddard@gmail.com,doctor
1059,Wanda,Palocz,Wanda.Palocz@yopmail.com,Wanda.Palocz@gmail.com,developer
1060,Ariela,Ioab,Ariela.Ioab@yopmail.com,Ariela.Ioab@gmail.com,developer
1061,Morganica,Tengdin,Morganica.Tengdin@yopmail.com,Morganica.Tengdin@gmail.com,police officer
1062,Kara-Lynn,Pitt,Kara-Lynn.Pitt@yopmail.com,Kara-Lynn.Pitt@gmail.com,firefighter
1063,Krystle,Yam,Krystle.Yam@yopmail.com,Krystle.Yam@gmail.com,firefighter
1064,Sarette,Haerr,Sarette.Haerr@yopmail.com,Sarette.Haerr@gmail.com,firefighter
1065,Eugine,Schlosser,Eugine.Schlosser@yopmail.com,Eugine.Schlosser@gmail.com,doctor
1066,Belinda,Emanuel,Belinda.Emanuel@yopmail.com,Belinda.Emanuel@gmail.com,developer
1067,Rivalee,Brian,Rivalee.Brian@yopmail.com,Rivalee.Brian@gmail.com,doctor
1068,Merci,Swanhildas,Merci.Swanhildas@yopmail.com,Merci.Swanhildas@gmail.com,worker
1069,Claresta,Anton,Claresta.Anton@yopmail.com,Claresta.Anton@gmail.com,police officer
1070,Ezmeralda,Cornelia,Ezmeralda.Cornelia@yopmail.com,Ezmeralda.Cornelia@gmail.com,doctor
1071,Andeee,Nickola,Andeee.Nickola@yopmail.com,Andeee.Nickola@gmail.com,worker
1072,Helsa,Vale,Helsa.Vale@yopmail.com,Helsa.Vale@gmail.com,developer
1073,Farrah,McAdams,Farrah.McAdams@yopmail.com,Farrah.McAdams@gmail.com,worker
1074,Fanchon,Ophelia,Fanchon.Ophelia@yopmail.com,Fanchon.Ophelia@gmail.com,firefighter
1075,Asia,Ludewig,Asia.Ludewig@yopmail.com,Asia.Ludewig@gmail.com,developer
1076,Bobinette,Ogren,Bobinette.Ogren@yopmail.com,Bobinette.Ogren@gmail.com,worker
1077,Diena,Ehrman,Diena.Ehrman@yopmail.com,Diena.Ehrman@gmail.com,police officer
1078,Sybille,Auberbach,Sybille.Auberbach@yopmail.com,Sybille.Auberbach@gmail.com,police officer
1079,Margarette,Ashok,Margarette.Ashok@yopmail.com,Margarette.Ashok@gmail.com,doctor
1080,Alyssa,Jerold,Alyssa.Jerold@yopmail.com,Alyssa.Jerold@gmail.com,doctor
1081,Thalia,Alisia,Thalia.Alisia@yopmail.com,Thalia.Alisia@gmail.com,firefighter
1082,Julieta,Byrne,Julieta.Byrne@yopmail.com,Julieta.Byrne@gmail.com,firefighter
1083,Joy,Haldas,Joy.Haldas@yopmail.com,Joy.Haldas@gmail.com,police officer
1084,Cacilie,Goddard,Cacilie.Goddard@yopmail.com,Cacilie.Goddard@gmail.com,doctor
1085,Delilah,Ilka,Delilah.Ilka@yopmail.com,Delilah.Ilka@gmail.com,developer
1086,Wynne,Soneson,Wynne.Soneson@yopmail.com,Wynne.Soneson@gmail.com,doctor
1087,Lucy,Richers,Lucy.Richers@yopmail.com,Lucy.Richers@gmail.com,worker
1088,Jacquetta,Joseph,Jacquetta.Joseph@yopmail.com,Jacquetta.Joseph@gmail.com,firefighter
1089,Elfreda,Schroth,Elfreda.Schroth@yopmail.com,Elfreda.Schroth@gmail.com,police officer
1090,Karena,Bettine,Karena.Bettine@yopmail.com,Karena.Bettine@gmail.com,firefighter
1091,Melisent,Drisko,Melisent.Drisko@yopmail.com,Melisent.Drisko@gmail.com,police officer
1092,Rori,Creamer,Rori.Creamer@yopmail.com,Rori.Creamer@gmail.com,worker
1093,Joy,Odell,Joy.Odell@yopmail.com,Joy.Odell@gmail.com,police officer
1094,Lynnea,Mott,Lynnea.Mott@yopmail.com,Lynnea.Mott@gmail.com,doctor
1095,Bill,Campball,Bill.Campball@yopmail.com,Bill.Campball@gmail.com,worker
1096,Delilah,Sherrie,Delilah.Sherrie@yopmail.com,Delilah.Sherrie@gmail.com,developer
1097,Layla,Orpah,Layla.Orpah@yopmail.com,Layla.Orpah@gmail.com,doctor
1098,Debee,Rooney,Debee.Rooney@yopmail.com,Debee.Rooney@gmail.com,developer
1099,Maisey,Arne,Maisey.Arne@yopmail.com,Maisey.Arne@gmail.com,doctor